username,tweet,waktu,likes,retweets,replies,tweet_link
,"@amelanasia Â· @amelanasia Sampai sekarang masih ada kembang api. aku nonton dari balkon aja dah cukup. Kayaknya sama si modelannya. Ada yang dar dar, ada yang byar pet, ada yang dar klep klep gitu dah. Warnanya juga putih kuning gold ijo ungu biru merah pink. Bagus-bagus, tapi terus  polusi udara  :( 1 1 1 29 29 29",01-01-2024 06:15,0,0,0,https://x.com/amelanasia/status/1741598915735028150
sekartanti,"sekartanti sekartanti @er_ninana Â· @PreciosaKanti and and @kurawa Orang2 yg suka knalpot brong2 itu memang biadab dan gak punya adab dan gak berakal sih...sok jago di jalan raya, bikin  polusi udara ,  polusi  suara, bikin ketakutan anak2 kecil dan orang tua. 1 1 1 27 27 27",01-01-2024 06:01,0,0,0,https://x.com/er_ninana/status/1741595504688185635
Rendy Duck,Rendy Duck Rendy Duck @Rendy_Duck Â· @Pai_C1 Polusi  suara dan  polusi  ud ara  34 34 34,01-01-2024 05:33,0,0,0,https://x.com/Rendy_Duck/status/1741588379786154254
Eisier,"Eisier Eisier @Hunna0405 Â· Benerrr... Pagi2 buka jendela niatnya pen ngehirup  udara  segar, malah kena  polusi 56 56 56",01-01-2024 04:52,0,0,0,https://x.com/Hunna0405/status/1741578044631114156
upinkbt53,upinkbt53 upinkbt53 @upinkbt53 Â· polusi udara  sama suara aje tolol 15 15 15,01-01-2024 04:16,0,0,0,https://x.com/upinkbt53/status/1741569006824530295
Kaul Pasaribu.,"Kaul Pasaribu. Kaul Pasaribu. @kaulpasaribu Â· @kaulpasaribu and and @KemenkesRI Biasakan naik tangga sebagai olahraga Anda dirumah .

Atau nyiram bunga dan angkat pot utk dijemur pagi hari .

Ini ckp olahraga Anda .

Tak perlu Anda olahraga lintas gang atau kampung . 

Krn ? 

Krn  Polusi Udara  . 17 17 17",01-01-2024 03:29,0,0,0,https://x.com/kaulpasaribu/status/1741557285439328528
Qomaru,"Qomaru Qomaru @MasQomaru Â· @JhonniSinaga20 Mau bersimpati, tapi kelakuannya memang ngeselin. Gak usah TNI, Warga biasa pun kesal dg kelakuan mereka:
Konvoi Knalpot Brong & blayerÂ² lagi. Menganggu Ketertiban,  polusi Udara  & kebisingan.

Giliran digebukin, Teriak paling Terdzolimi. 9 9 9 6 6 6 28 28 28 1.4K 1.4K 1.4K",01-01-2024 03:04,0,0,0,https://x.com/MasQomaru/status/1741551014388613316
â€˜,â€˜ â€˜ @pisastri Â· @pisastri Akhirnya menghirup  udara  (  polusi  ) Ciputat lagi 15 15 15,01-01-2024 02:54,0,0,0,https://x.com/pisastri/status/1741548439085985831
ãƒ“ãƒ¥ãƒ¼ã‚¢,"ãƒ“ãƒ¥ãƒ¼ã‚¢ ãƒ“ãƒ¥ãƒ¼ã‚¢ @ArsonAj2 Â· @xijinping_koko @myhppylittlepil and and @kegblgnunfaedh Ya kamu kalo ada sampah jgn di buang ya,, 
Telan aja,,
Soalnya apa,,? 
Di buang sembarangan bisa bikin kumuh, penyumbatan saluran air, bisa banjir, 
Di bakar salah juga karena bisa bikin  polusi udara , kata kamu, 
Bagusnya ya TELAN aja Ama kamu,
Biar Ngx ada  polusi , 34 34 34",01-01-2024 01:15,0,0,0,https://x.com/ArsonAj2/status/1741523565487559007
Vanda,Vanda Vanda @laevanda06 Â· nih kembang api aduhlah ga suka bgt untuk kali ini krn menambah  polusi udara  aja  22 22 22,01-01-2024 00:41,0,0,0,https://x.com/laevanda06/status/1741514808405680296
gitsâƒ,gitsâƒ gitsâƒ @pjmlyf Â· besok  polusi udara  makin tebel kalo ga ujan 41 41 41,01-01-2024 00:14,0,0,0,https://x.com/pjmlyf/status/1741508091508871487
p00ding soklat khas Fisalia,"p00ding soklat khas Fisalia p00ding soklat khas Fisalia @mbabumeng Â· Tahun baru gini kenapa org2 suka ngabisin duit buat beli peledak... Udh  polusi udara ,  polusi  suara... Hadeh...

Mending turu ta masak2 ngunu lo... 15 15 15",01-01-2024 00:07,0,0,0,https://x.com/mbabumeng/status/1741506491990061082
Good guy Polo,"Good guy Polo Good guy Polo @PianGerahPolo Â· Parody account @PianGerahPolo Polusi  suara,  polusi  cahaya,  polusi udara . Ugh 37 37 37",01-01-2024 00:07,0,0,0,https://x.com/PianGerahPolo/status/1741506469655416970
ridhodawg,ridhodawg ridhodawg @alridhojuno Â· bentar lagi  polusi udara 70 70 70,31-12-2023 23:58,0,0,0,https://x.com/alridhojuno/status/1741504177124028609
icut,icut icut @khairaniicut Â· @KompasTV Bpk kita bikin adem rakyat ..pelaku tetap dipantau supaya dihukum seberat beratnya dan utk teman teman semua jgn nyalakan knalpot kenceng kenceng  polusi udara  berisik jg ganggu kenyamanan 264 264 264,31-12-2023 23:40,0,0,0,https://x.com/khairaniicut/status/1741499594469683315
à£ªâ˜† zÃ©Ã© ğ–¡¼.ğ–¤£ğ–¥§ğ–¡¼.ğ–¤£ğ–¥§,à£ªâ˜† zÃ©Ã© ğ–¡¼.ğ–¤£ğ–¥§ğ–¡¼.ğ–¤£ğ–¥§ à£ªâ˜† zÃ©Ã© ğ–¡¼.ğ–¤£ğ–¥§ğ–¡¼.ğ–¤£ğ–¥§ @nauibluespring_ Â· Parody account @02KTHYN Sipp itu. Ga kena  polusi udara 1 1 1 7 7 7,31-12-2023 23:31,0,0,0,https://x.com/nauibluespring_/status/1741497219302486253
Mr.Baim,Mr.Baim Mr.Baim @halimin98 Â· Parody account Cara gue ngehindarin  polusi udara  dan suara tahun baru adalah tidur dan setel sholawatan di speaker kamar 67 67 67,31-12-2023 23:27,0,0,0,https://x.com/halimin98/status/1741496392449958169
BUMN PURWOKERTO Jitu,"BUMN PURWOKERTO Jitu BUMN PURWOKERTO Jitu @bumnpwtjitu Â· @bumnpwtjitu LRT Jabodebek & KRL Jabodetabek.

Sejalan dengan komitmen Menteri BUMN untuk dapat terus membangun fasilitas penunjang transportasi umum sebagai upaya agar masyrakat Indonesia dapat beralih ke transportasi umum untuk mengurangi tingkat  polusi udara  di Indonesia. 1 1 1 88 88 88",31-12-2023 23:05,0,0,0,https://x.com/bumnpwtjitu/status/1741490711755956320
www.,www. www. @fromanotherW Â· Polusi udara 11 11 11,31-12-2023 22:34,0,0,0,https://x.com/fromanotherW/status/1741482946530553873
Qomaru,"Qomaru Qomaru @MasQomaru Â· @JhonniSinaga20 @kurawa and 2 others Mereka menyebabkan  polusi  suara (bising),  polusi Udara  (asap knalpot ngebul), mengganggu Ketertiban. Perilaku ""sampah masyarakat"".
Bukan karna relawan ganjar, tp karna perilaku menganggunya.

Layak dikasih BOGEM c yg begini. 1 1 1 123 123 123",31-12-2023 22:19,0,0,0,https://x.com/MasQomaru/status/1741479154544259431
Qomaru,"Qomaru Qomaru @MasQomaru Â· @GunRomli Jujur ya  @GunRomli  orangÂ² model begini memang pantas digebuk. Mereka sudah Membuat  Polusi Udara  &  Polusi  Suara (bising) Mengganggu Ketertiban.
Jika warga punya Mental berani yg sama seperti TNI. Mungkin orangÂ² yg konvoi knalpot brong seperti mereka sudah digebuk  oleh warga  5 5 5 3 3 3 9 9 9 703 703 703",31-12-2023 22:14,0,0,0,https://x.com/MasQomaru/status/1741477941035385189
KrsKrs,KrsKrs KrsKrs @p4piKRiS Â· @makplekenthus and and @VIVAcoid Bikin kebijakan yg memerlukan persetujuan atau hrs dikonsultasikan dulu dgn parlemen DKI (DPRD) itu kan politis.... penanganan  polusi udara  DKI itu masalah pelik dan berat... tidak sesederhana kebijakan2 internal Pemprov lainnya. 1 1 1 70 70 70,31-12-2023 21:57,0,0,0,https://x.com/p4piKRiS/status/1741473643228754103
NoviBudi78,NoviBudi78 NoviBudi78 @NoviBudi78 Â· Parody account @bentangnegeri Kelakuan pendukung  @ganjarpranowo  ...sudahlah Ganjar jangan teriak soal lingkungan hidup yang bersih ... contoh pendukung kau bikin  polusi udara  dan buat tidak nyaman rakyat!!!!! 4 4 4 117 117 117,31-12-2023 21:56,0,0,0,https://x.com/NoviBudi78/status/1741473438840275188
Kretek Mantab,"Kretek Mantab Kretek Mantab @kretekmantab Â· @bentangnegeri Triple  polusi :
1  polusi udara 2  polusi  suara
3  polusi  kegoblokan 3 3 3 81 81 81",31-12-2023 21:50,0,0,0,https://x.com/kretekmantab/status/1741471894623109381
hrwt_01,"hrwt_01 hrwt_01 @01Hrwt Â· Dampak yg ditimbulkan dri pertambangn ialh, air yg tercemr,  polusi udara  & kerusakn lingkungan. Ekosistem hutan yg terncam punah. Masyarakat yg hidup berdampingan dg alam semkin sengsara karna alam rusak #KapitalismeSengsarakanUmat #KhilafahPerisaiHakiki #IslamSolusi #Khilafah 8 8 8",31-12-2023 21:43,0,0,0,https://x.com/01Hrwt/status/1741470108718129528
Kiki.,Kiki. Kiki. @lunarmagics Â· @shotoayam Paling cepet 2/3 harian  Gapapa biar mengurangi  polu si udara  1 1 1 8 8 8,31-12-2023 21:41,0,0,0,https://x.com/lunarmagics/status/1741469738071388330
socialinfluenza,"socialinfluenza socialinfluenza @masnurrr Â· Pernah bgt negur tetangga yg hobi bakar sampah gini Udah bikin  polusi udara , polusinya masuk kedalam rumah gw.
1. Negur sopan
2. Negur + kuliah umum pke pasal undang2.

Oknumnya: ""trus diapain klo ga di bakar?""

gw: ya dipendem lah, mau bikin galian atau dibawah kasur terserah  Kegoblogan.Unfaedah Kegoblogan.Unfaedah @kegblgnunfaedh Â· Kalo menurut antum gimana?  : putupairen 73 73 73",31-12-2023 21:36,0,0,0,https://x.com/masnurrr/status/1741468328898519505
Viona Larasati,"Viona Larasati Viona Larasati @larasati_vionaa Â· Kita semua perlu peduli sama lingkungan, makanya program Ganjar buat pemeliharaan hutan dan pengurangan  polusi udara  patut diapresiasi. @cattyyyyyyyy99 Happy New Year  #GanjarMahfud2024 #GanjarMahfudM3nang #L3bihbaik 4 4 4",31-12-2023 21:27,0,0,0,https://x.com/larasati_vionaa/status/1741466176407113895
Nur Azizah,"Nur Azizah Nur Azizah @azizahnurzi Â· Ganjar benar-benar fokus untuk mengatasi  polusi , baik  udara  maupun laut, itu nih yang kita butuhkan! @Biandaalgazi Happy New Year  #GanjarMahfud2024 #GanjarMahfudM3nang #L3bihbaik 6 6 6",31-12-2023 21:02,0,0,0,https://x.com/azizahnurzi/status/1741459708807200804
Yanti Yanti,"Yanti Yanti Yanti Yanti @yantiBundaFI Â· @kurawa @Puspen_TNI and and @tni_ad Polusi  suara, polusi udara  dan g pakai helm,kelakuannya sdh spt itu,ternyata msh aja ada yg bela . 1 1 1 610 610 610",31-12-2023 20:22,0,0,0,https://x.com/yantiBundaFI/status/1741449739898617858
vin,"vin vin @jakeeyys_ Â· buat moots kalo bisa jangan ikut pasang petasan ya
soalnya efek nya bahaya banget bikin  polusi , ninggalin partikel logam, racun dll di  udara 1 1 1 1 1 1 94 94 94",31-12-2023 20:10,0,0,0,https://x.com/jakeeyys_/status/1741446613221212367
Jo!,Jo! Jo! @lavemaself Â· ujan akhir tahun penyelamat  polusi udara  kembang api akhir tahun 70 70 70,31-12-2023 18:59,0,0,0,https://x.com/lavemaself/status/1741428878403661912
dingding,"dingding dingding @0xDiing Â· @Pai_C1 hahaha hiburane wong susah, senenge bleyer bleyer motor asep pltu, apik ora brisiki+ polusi udara  iya. kontol 1 1 1 56 56 56",31-12-2023 18:34,0,0,0,https://x.com/0xDiing/status/1741422529171099878
?,? ? @z__88ru Â· @yoyaaayyy karena  udara / polusi ? :( 19 19 19,31-12-2023 18:30,0,0,0,https://x.com/z__88ru/status/1741421649508085900
dian anjani,"dian anjani dian anjani @Dyananjani89 Â· @CCICPolri Bapak2 Polisi 
Mohon Bantuan Pak

Kampanye2 Norak pake Motor Bronk gitu ditertibkan.

Selain sia2in BBM  Polusi Udara  dan  Polusi  Suara
Menimbulkan Kerusuhan Pak !!

Jan sampe Warga stmpt justru main hakim sndr krn ulah2 org2 spt itu Pak.

Terima Kasih Pak  2 2 2 27 27 27",31-12-2023 18:21,0,0,0,https://x.com/Dyananjani89/status/1741419308784435285
Vitummy Official,"Vitummy Official Vitummy Official @vitummyid Â· @vitummyid 1.  Polusi Udara 2. Mengalami Kelahiran Prematur 
3. Kurang Gizi (Malnutrisi)  
4. Menderita Infeksi Tertentu  
5. Belum Mendapatkan Vaksin Pneumonia  
6. Tidak Mendapatkan ASI Eksklusif  
7. Kelainan Organ Paru-paru  
8. Faktor Lingkungan 1 1 1 32 32 32",31-12-2023 18:06,0,0,0,https://x.com/vitummyid/status/1741415611702673677
dubalang10,"dubalang10 dubalang10 @dubalang101 Â· @GunRomli Begini kalo pendukung bego kena eksploitasi....bikin  polusi udara , suara...petantang petenteng....bonyok pelanggaran ham...bangsat lah 7 7 7",31-12-2023 17:54,0,0,0,https://x.com/dubalang101/status/1741412575576010775
muggle wan,"muggle wan muggle wan @WawanHalimfi Â· @bbubleteaaa and and @convomf Ga pernah
Rokok merusak  udara ,paru paru tenggorokan.  polusi udara Tapi ga tau sih orang yang pada ngerokok itu bisa baca gambar yang ada di rokok 134 134 134",31-12-2023 17:39,0,0,0,https://x.com/WawanHalimfi/status/1741408792544428223
Riza V. Tjahjadi,Riza V. Tjahjadi Riza V. Tjahjadi @RizaVT Â· Pe-er utk timses GaMa... juga  @ganjarpranowo  dan  @mohmahfudmd  berhijau ria (doing green) dong... punya katepe semua itu yang bikin  polusi udara Laut Nusantara Laut Nusantara @bentangnegeri Â· Iki lapo seh rek ? 19 19 19,31-12-2023 17:25,0,0,0,https://x.com/RizaVT/status/1741405199988855181
Riza V. Tjahjadi,Riza V. Tjahjadi Riza V. Tjahjadi @RizaVT Â· Pe-er utk timses GaMa... juga  @ganjarpranowo   berhijau ria (doing green) dong... punya katepe semua itu yang bikin  polusi udara Laut Nusantara Laut Nusantara @bentangnegeri Â· Iki lapo seh rek ? 20 20 20,31-12-2023 17:20,0,0,0,https://x.com/RizaVT/status/1741403856490353129
Riza V. Tjahjadi,"Riza V. Tjahjadi Riza V. Tjahjadi @RizaVT Â· @bentangnegeri Wadeuuuuh bikin  polusi  knalpot... eeeh  polusi udara ... Sensi sikit'laaah untuk berhijau ria... Kata Anies  polusi udara  gak punya ketepe... Naah, ini yg bikin  polusi  punya ketepe semua toh? 292 292 292",31-12-2023 17:15,0,0,0,https://x.com/RizaVT/status/1741402746761425005
Aiustha,"Aiustha Aiustha @theunseeme Â· @Amritmvp @fallssleep and and @kegblgnunfaedh Gini lah tandanya MIRIS MEMBACA. HEY, ANDA YG SEWOT NUDUH SAYA MEMBELA ORANG BAKAR SAMPAH. Otaknya dipake lagi ya, saya itu bertentangan dengan  POLUSI UDARA  DAN ANDA YG BEBAL DAN TOLOL DIBILANGIN BATU. Anda"" ini yg cocok buat diviralin karena style bacotnya mirip"" orang ansos 1 1 1 21 21 21",31-12-2023 17:11,0,0,0,https://x.com/theunseeme/status/1741401753881632960
veyyy,veyyy veyyy @veyyyis Â· @Pai_C1 SUMPAH KEK TAI  POLUSI  SUARA  POLUSI UDARA  MENUH MENUHIN JALANAN ANJING MIKIR MAKE OTAK BLOK 19 19 19,31-12-2023 17:02,0,0,0,https://x.com/veyyyis/status/1741399514253275178
Yanti Yanti,"Yanti Yanti Yanti Yanti @yantiBundaFI Â· @kurawa Kelakuannya jelas keliru,tp aneh y,msh ada yg bela. polusi udara , polusi  suara,buang2 bhn bakar/mubazir. 434 434 434",31-12-2023 17:01,0,0,0,https://x.com/yantiBundaFI/status/1741399156051317016
Pi,"Pi Pi @Willughbeia Â· @VIVAcoid Tanda korupsi dan tukang kibul meroket:  Polusi udara , air, tanah, suara dan visual meroket. Kacau balau dan porak poranda macam di neraka. 179 179 179",31-12-2023 16:36,0,0,0,https://x.com/Willughbeia/status/1741392995570831590
,@meowtonintown Â· @fujisiroo and and @tanyarlfes gpp klo buat lu doang. tp lu jahat ke org yg bnr2 mau nikmatim  udara  sejuk bebas  polusi . 68 68 68 1.7K 1.7K 1.7K,31-12-2023 16:15,0,0,0,https://x.com/meowtonintown/status/1741387556133241201
Usm A.R (prof),"Usm A.R (prof) Usm A.R (prof) @usm_usm_usm Â· @FeniRose_ Mendadak dungu, asap rokok aj yg merasakan asapnya, yg GK merokok. Jdi kalau ngebahas  polusi udara , jangan melupakan angin, ntar jdi dungu 8 8 8",31-12-2023 15:51,0,0,0,https://x.com/usm_usm_usm/status/1741381435955806306
Lubas,"Lubas Lubas @RoBStast Â· @PatriciaGow10 and and @kegblgnunfaedh solusi jenius bagi elu,  polusi  serius bagi orang. kecuali asapnya lu isepin sendiri sampe habis,  udara  milik publik bulan milik lu sendiri. umur brp nih orang masih punya pemikiran kayak nenek2, 1 1 1 261 261 261",31-12-2023 15:10,0,0,0,https://x.com/RoBStast/status/1741371217280700732
Mahmudah A,"Mahmudah A Mahmudah A @MahmudahA1 Â· @kegblgnunfaedh Padahal itu sampah daun bisa dibikin kompos aja, ga bikin  polusi udara 40 40 40",31-12-2023 14:49,0,0,0,https://x.com/MahmudahA1/status/1741365880133661147
Pandji Asmorobangoen,"Pandji Asmorobangoen Pandji Asmorobangoen @singolodra1945 Â· Mengganggu masyarakat.......... polusi udara ,  polusi  suara Laut Nusantara Laut Nusantara @bentangnegeri Â· Iki lapo seh rek ? 0:12 0:12 2 2 2 1 1 1 5 5 5 349 349 349",31-12-2023 14:33,0,0,0,https://x.com/singolodra1945/status/1741361877173801072
aruna,aruna aruna @aruna31320 Â· @dartowehh and and @Puspen_TNI Polisi aja nggak berani negur massÃ©..... Aku wong Boyolali massÃ©.... Yang merasakan  polusi udara  alias kenalpotttt brong 189 189 189,31-12-2023 14:14,0,0,0,https://x.com/aruna31320/status/1741357091720446431
abdun dk random JLS Malang,abdun dk random JLS Malang abdun dk random JLS Malang @abdundk01 Â· Udara  paling sejuk bebas  polusi  aman bagi hidung jantung paru paru ialah di Pantai Malang Selatan https:// =1E7qjbKyyDxIn6OS â€¦ 53 53 53,31-12-2023 13:34,0,0,0,https://x.com/abdundk01/status/1741346998358622367
Obi Juan Que Nobi,"Obi Juan Que Nobi Obi Juan Que Nobi @ObiWan_Catnobi Â· Prabowo & the gang bakal insinuasi ke Heru seperti dia insinuasi ke Anies, ga?

Atau fakta bahwa  polusi udara  itu lintas sektoral & lintas wilayah baru diakui ketika Heru menjabat? VivaCoid VivaCoid @VIVAcoid Â· Akhir Tahun 2023, Kualitas Udara di DKI Jakarta Memburuk  http://dlvr.it/T0nS3Z http:// 7 7 7 1K 1K 1K",31-12-2023 13:22,0,0,0,https://x.com/ObiWan_Catnobi/status/1741344154591076354
Boerdery,"Boerdery Boerdery @umarabdula48639 Â· @FeniRose_ Polusi udara : MA tolak kasasi Presiden Jokowi, penggugat ...  https:// cles/cqlp78wnd2yo.amp â€¦ Sudah ada putusannya  495 495 495",31-12-2023 12:58,0,0,0,https://x.com/umarabdula48639/status/1741338002260123692
ursweetloucfr,"ursweetloucfr ursweetloucfr @hzlnutchoc0 Â· alhamdulillah tidak akan ada  polusi udara  di malam tahun baru ini, TAPI GUA JADINYA GA JALAN FAAKKK, SEMOGA NANTI UJANNYA BERENTIII 1 1 1 178 178 178",31-12-2023 12:57,0,0,0,https://x.com/hzlnutchoc0/status/1741337707987734967
Pandji Asmorobangoen,"Pandji Asmorobangoen Pandji Asmorobangoen @singolodra1945 Â· Mengganggu masyarakat.......... polusi udara ,  polusi  suara Laut Nusantara Laut Nusantara @bentangnegeri Â· Iki lapo seh rek ? 0:07 / 0:17 2 2 2 1 1 1 5 5 5 349 349 349",31-12-2023 14:33,0,0,0,https://x.com/singolodra1945/status/1741361877173801072
Dirkovian,"Dirkovian Dirkovian @Redgerbil5 Â· @VIVAcoid Buruk2nya  udara  DKI ya pas 2023. 

Kok nanya ke Anies bgmana beresin  polusi  DKI, wong yg aktif sekarang gak bisa buat kebijakan apa2 & malah tambah buruk. 1 1 1 378 378 378",31-12-2023 12:40,0,0,0,https://x.com/Redgerbil5/status/1741333438836375829
fitra,"fitra fitra @fitraakbarsiad1 Â· @hi__maasss and and @kikysaputrii Coba dicek lg tuh konflik2 lahan di daerah2, perkebunan, tambang,  polusi udara , air, itu semua yg dirugikan masyarakat kecil. Masa yg kegini2 ga hubungannya dgn ""siapapun pemenangnya' yakan?  13 13 13 936 936 936",31-12-2023 12:01,0,0,0,https://x.com/fitraakbarsiad1/status/1741323579982237733
mengamatidiri,"mengamatidiri mengamatidiri @eManz_Angger Â· @FeniRose_ mau menyalahkan angin malu sudah teelanjur membully anies, menyalahkan gubernur tukang tidur tpi masih satu kolam..

solusinya adalah standar  polusi udara  harus dirubah.. 1 1 1 7 7 7 88 88 88 7.3K 7.3K 7.3K",31-12-2023 11:54,0,0,0,https://x.com/eManz_Angger/status/1741322006707183844
informasi selebriti,informasi selebriti informasi selebriti @Insertlivettv Â· Ini 10 tanaman hias yang bisa jadi pembersih  udara  dari  polusi .  https:// 1229133128-210-327515/10-tanaman-hias-pembersih-udara-dari-polusi?utm_medium=Social&utm_source=Twitter#Echobox=1703992508-1 â€¦ 264 264 264,31-12-2023 11:01,0,0,0,https://x.com/Insertlivettv/status/1741308467124531628
luna,"luna luna @lunalun95 Â· @lunalun95 @TEDJ0E_ and 2 others Bakar sampah itu bikin  polusi udara , mengganggu org sekitar, bikin jemuran bau asap.

Kesalahan jangan dinormalisasi. Kita yg bukan generasi Z juga harus belajar jadi lebih baik. 35 35 35",31-12-2023 10:22,0,0,0,https://x.com/lunalun95/status/1741298731331547542
sui,sui sui @astreuvei Â· @hazelmonds and and @kaeyagubeng JIRRRR  polusi udara  dan polusi debu pasti 10 10 10,31-12-2023 10:20,0,0,0,https://x.com/astreuvei/status/1741298275226132794
sa,sa sa @ukuleleberkumis Â· @berrysinnie_ mari kurangi po lu si udara 1 1 1 15 15 15,31-12-2023 10:02,0,0,0,https://x.com/ukuleleberkumis/status/1741293617409581225
Fahrin,"Fahrin Fahrin @MFahrin Â· Daripada dimusnahin mending dipake tenaganya buat narik dokar, kan jd ngurangin  polusi udara  palingan  polusi  ranjau darat. Asumsi Asumsi @asumsico Â· Sekitar 14 ribu kuda liar di Australia akan dimusnahkan dengan cara ditembak dari helikopter. Melansir Newsweek, terdapat 17.432 kuda liar yang disebut 'brumbies' oleh penduduk lokal yang berkeliaran di Taman Nasional Kosciuszko, di tenggara New South Wales. 36 36 36",31-12-2023 08:54,0,0,0,https://x.com/MFahrin/status/1741276514015137879
polsek padang hulu,polsek padang hulu polsek padang hulu @HuluPadang Â· Bhabinkamtibmas  Polsek Padang Hulu menghimbau warga  agar tidak melakukan pembakaran sampah untuk mencegah terjadinya kebakaran Lahan dan  Polusi Udara 15 15 15,31-12-2023 08:38,0,0,0,https://x.com/HuluPadang/status/1741272472014688661
KKN25_mY kisah,"KKN25_mY kisah KKN25_mY kisah @ZackjSetiaa Â· @gus_dibyo and and @Puspen_TNI Mampus. Kampanye haruskah make knalpot brong yang bikin  polusi  suara yg bener-bener bikin kuping nyeri parah,  polusi udara  lebih, dan bikin macet serta nggak nyaman pengendara lain? Kalo dipukuli sih mampus lo wkwkwk 16 16 16",31-12-2023 07:48,0,0,0,https://x.com/ZackjSetiaa/status/1741259964549939277
anies4president,"anies4president anies4president @anies4presiden2 Â· @aniesbaswedan Bukan kebijakan di awang 2?
Contohnya kebijakan ana di dki :
- cat genteng( cuma mahluk awang2 yang bisa menikmati)
- stiker kebakaran.
- aplikasi  polusi udara .
- toa banjir.
- naturalisasi ( yang goib dimana?)
- bambu mesum
- tugu takeshi.

Gimana sudah tepat kan kebijakan ana? 167 167 167",31-12-2023 06:05,0,0,0,https://x.com/anies4presiden2/status/1741234186751721762
Nandang Rosyid,"Nandang Rosyid Nandang Rosyid @nandangrosyid1 Â· ATMOSPHERE MINI - Penjernih  udara  dengan 3 in 1 filter yang efektif menghilangkan 99.99% partikel sekecil 0.0024 mikron. Menjadikan hunian berudara bersih, bebas bau, virus,  polusi , debu, allergen, dan jamur. Cocok untuk ruangan kecil seperti kamar tidur atau apartemen. 75 75 75",31-12-2023 05:05,0,0,0,https://x.com/nandangrosyid1/status/1741219015526396282
Tomas Tri Budiono,"Tomas Tri Budiono Tomas Tri Budiono @tomas_budiono Â· @Tan_Mar3M and and @bawaslu_RI Pak Ganjar blusukan lagi..... 
Nunggu KTP nisasi  polusi udara  dan angin. 8 8 8",31-12-2023 01:43,0,0,0,https://x.com/tomas_budiono/status/1741168132730060892
Elevate Elevate,"Elevate Elevate Elevate Elevate @queman_queman3 Â· @kegblgnunfaedh Di sni jg bkar gni kok smpah, tp gk  polusi udara  kyak klian, kbanyakan pabrik batubara kalian tu, malah salahin rakyat jelata 18 18 18",31-12-2023 00:21,0,0,0,https://x.com/queman_queman3/status/1741147388365205865
kara Clarissa,"kara Clarissa kara Clarissa @Supernouva11 Â· @kegblgnunfaedh sok sok an  polusi udara polusi udara , kalo kau ga terima dia bakar sampah harusnya kau juga ga terima PABRIK PABRIK besar dengan limbah  polusi  yang lebih dari sekedar bakar SAMPAH, Se Ok apa sih kau jadi manusia dengan ngatain orang SDM rendah, udah superrior kali apa kau? pepek! 1 1 1 35 35 35",30-12-2023 23:34,0,0,0,https://x.com/Supernouva11/status/1741135653977661457
estee,estee estee @babekyu_soo Â· @tanyakanrl Yg knalpotnya bikin  polusi  suara/ udara 7 7 7,30-12-2023 23:29,0,0,0,https://x.com/babekyu_soo/status/1741134319664677287
,"@shneelkstr_ Â· Mirip sm tetanggaku  depan rumah... biasanya abis sholat subuh, gw kluar rumah buat nyari  udara  segar,kan blom bnyk  polusi  jm segitu, ehh si tetangga ini hobby banget bakar2 sampah pagii banget  pokoknya hampir tiap hari, itu tangan bakal gatel kyknya kalau nggk ngebakar Kegoblogan.Unfaedah Kegoblogan.Unfaedah @kegblgnunfaedh Â· @kegblgnunfaedh @kegblgnunfaedh Ini vidionya gaes 0:56 0:56 38 38 38",30-12-2023 23:14,0,0,0,https://x.com/shneelkstr_/status/1741130630250062048
aruna,aruna aruna @aruna31320 Â· @WagimanDeep212_ @ganjarpranowo and and @mohmahfudmd Karna mereka pakai knalpot brong..... Bikin  polusi udara ..... 1 1 1 21 21 21,30-12-2023 23:00,0,0,0,https://x.com/aruna31320/status/1741127218284380233
PÎ›MÆ§,"PÎ›MÆ§ PÎ›MÆ§ @AgungPamkss Â· @kegblgnunfaedh Lah Iki kan sama aja,  polusi udara  atau  polusi  tanah.. toh kalo di lihat dari dia, yg di bakar juga cuma daun2. Gak ada sampai ban atau plastik2 di bakar. Jaman dulu bakar sampah baik2 aja, ya karena belum banyak kendaraan, asap pabrik, dan pohon2 belum beralih fungsi. Tapi ya... 299 299 299",30-12-2023 22:59,0,0,0,https://x.com/AgungPamkss/status/1741126963702727072
Pi,"Pi Pi @Willughbeia Â· @kompascom Pertama-tama, bereskan  polusi udara , air, suara, cahaya dan visual. Udah kayak di neraka. Kumuh, berantakan,  ribut, bising suara TOA dan knalpot,  amburadul, macet, panas, dahlah..... 166 166 166",30-12-2023 22:54,0,0,0,https://x.com/Willughbeia/status/1741125667310490028
bok,bok bok @_cardboks_ Â· @_cardboks_ POLUSI UDARA  JG ITU BAKAR2 DENG 1 1 1 24 24 24,30-12-2023 22:41,0,0,0,https://x.com/_cardboks_/status/1741122437327306962
bok,"bok bok @_cardboks_ Â· @_cardboks_ mana tadi ada yg ujicoba petasan hanabi buat tahun baru, kucing gue lari2 panik bosss badannya gemeter LU PD NGERTI  POLUSI UDARA  KAGA SIH ANYINGGG 1 1 1 21 21 21",30-12-2023 22:39,0,0,0,https://x.com/_cardboks_/status/1741121737318916586
Budi Prasetyo,"Budi Prasetyo Budi Prasetyo @RandomV95083537 Â· @muhamma12016447 and and @ismailfahmi Di tiktok bukan buzzer. Tapi pemilih dgn pendidikan rendah/bocil. Mereka ga ngerti gagasan ini itu. Makanya kemaren katanya anies ""nyalahin angin"" di goreng terus. Mereka soalnya ga ngerti apa itu  polusi udara . Ya namanya  polusi udara  ya pasti berkaitan sama angin lah.. 45 45 45",30-12-2023 21:38,0,0,0,https://x.com/RandomV95083537/status/1741106561534271791
frederikus adrianto,"frederikus adrianto frederikus adrianto @septemberbo1s Â· @septemberbo1s Ada beberapa faktor yang memengaruhi tingkat depresi saat macet dijalan:
a. usia seseorang
b. rutinitas kerja 
c. pendapatan
d.  polusi udara e. serta riwayat keluarga 1 1 1 18 18 18",30-12-2023 21:31,0,0,0,https://x.com/septemberbo1s/status/1741104707022782778
frederikus adrianto,"frederikus adrianto frederikus adrianto @septemberbo1s Â· @septemberbo1s Terlalu lama di tengah kemacetan, membuat orang stres meningkatkan tekanan darah. Bahkan bukan karena macet saja, stres tersebut juga disebabkan oleh  polusi udara . 1 1 1 8 8 8",30-12-2023 21:31,0,0,0,https://x.com/septemberbo1s/status/1741104702891368585
,"@shneelkstr_ Â· Mirip sm tetanggaku  depan rumah... biasanya abis sholat subuh, gw kluar rumah buat nyari  udara  segar,kan blom bnyk  polusi  jm segitu, ehh si tetangga ini hobby banget bakar2 sampah pagii banget  pokoknya hampir tiap hari, itu tangan bakal gatel kyknya kalau nggk ngebakar Kegoblogan.Unfaedah Kegoblogan.Unfaedah @kegblgnunfaedh Â· @kegblgnunfaedh @kegblgnunfaedh Ini vidionya gaes 0:05 / 0:57 38 38 38",30-12-2023 23:14,0,0,0,https://x.com/shneelkstr_/status/1741130630250062048
yudha,"yudha yudha @kin666slayer_ Â· @SeputarTetangga Minjem kipas tornado untuk nikahan aja sekalie kalie untuk balikin  polusi udara , kalau masih kurang ayamnya di culik satu terus di masak ntr di kasihin ke yang punya, bilang aja nemu di pekarangan rumah gak tau punya siapa  1 1 1 1 1 1 367 367 367",30-12-2023 18:18,0,0,0,https://x.com/kin666slayer_/status/1741056176127950873
_#Sâ€¢uâ€¢LÂ°UÂ°aâ€¢H_#,"_#Sâ€¢uâ€¢LÂ°UÂ°aâ€¢H_# _#Sâ€¢uâ€¢LÂ°UÂ°aâ€¢H_# @SuluahM96150 Â· @SuluahM96150 @Dj_Asphury and and @DrEvaChaniago Susu yg ngandung Asam Sulfat.. Hmm Mungkin Susu Made in Gendruwo kali yaa.. Sbenar nya Mhs Tdk Diam.. Tpi mungkin gaung nya kurang greget..
Tpi Mudah2an ANGIN SEGAR PERUBAHAN ITU AKAN BEREMBUS MEMPERBAIKI  UDARA  DEMOKRASI REPUBLIK INI DRI SEMUA  POLUSI. .
AMIN Kan Aja Dulu.. 1 1 1 2 2 2 18 18 18",30-12-2023 16:02,0,0,0,https://x.com/SuluahM96150/status/1741021993921925531
d[-_-]b,"d[-_-]b d[-_-]b @FMK89 Â· @BANGVELLX and and @Onl1Jb Ea mau cuci tangan. Bandingin sama AHOK? Anis lu dipermalukan cuk. 
Anis ngomong doang, suruh ngatasin  polusi udara  yg salah angin. Disitu ajah anis udh tolol kok  Nah ditambah ada buzer kek lu ini, pas. 
Pas tolol juga  1 1 1 1 1 1 635 635 635",30-12-2023 15:32,0,0,0,https://x.com/FMK89/status/1741014269574152268
DANIEL ï£¿ MARISSA and Us,"DANIEL ï£¿ MARISSA and Us DANIEL ï£¿ MARISSA and Us @asboediono_id Â· Hilirisasi yang merusak lingkungan ( polusi udara  dan tercemarnya sumber mata air konsumsi msayarakat ) recovery kerusakannya tidak sebanding hasil  #hening Narasi Newsroom Narasi Newsroom @NarasiNewsroom Â· Ternyata sering juga ya kebakaran di smelter gini, serem banget.

Semoga bisa segera dievaluasi deh biar gak kejadian lagi, apalagi kalo sampe makan korban 1 1 1 11 11 11 22 22 22 562 562 562",30-12-2023 15:14,0,0,0,https://x.com/asboediono_id/status/1741009873876471941
Desaks Ladia,"Desaks Ladia Desaks Ladia @DesaksL Â· Tahun Baru 2024 di Jakarta. Selain mengurangi kemacetan, penggunaan angkutan umum juga dapat mengurangi  polusi udara . Jadi, yuk dukung program Pemprov DKI Jakarta dengan menggunakan transportasi umum saat berkunjung ke lokasi perayaan 24 24 24",30-12-2023 14:17,0,0,0,https://x.com/DesaksL/status/1740995405171904691
Jono Aman,Jono Aman Jono Aman @jonoooamn Â· perayaan Tahun Baru 2024 di Jakarta. Ini adalah langkah yang sangat penting untuk mengurangi kemacetan dan  polusi udara . 19 19 19,30-12-2023 14:11,0,0,0,https://x.com/jonoooamn/status/1740993962360615334
Shafira Veila,"Shafira Veila Shafira Veila @shfraveilaa_ Â· perayaan Tahun Baru 2024 di Jakarta. Selain membantu mengurangi kemacetan, penggunaan transportasi umum juga dapat mengurangi  polusi udara . Yuk, dukung program Pemprov DKI Jakarta untuk menjaga kebersihan dan kenyamanan ibu kota kita! 26 26 26",30-12-2023 14:08,0,0,0,https://x.com/shfraveilaa_/status/1740993342048260129
Gatau,"Gatau Gatau @nurrochmahyaa Â· @nurrochmahyaa Anj kek ngganggu banget, udah  polusi  suara,  polusi udara , ternyata nyampah pula. 1 1 1 16 16 16",30-12-2023 14:03,0,0,0,https://x.com/nurrochmahyaa/status/1740992108536950840
samudrabiru,"samudrabiru samudrabiru @Samudra_Biru90 Â· @NarasiNewsroom Alat2nya sudah tua-tua sih... dan old school sehingga banya hasilkan  polusi udara .
.
dikadalin cina lu..
.
.
.
.
.
. 246 246 246",30-12-2023 13:53,0,0,0,https://x.com/Samudra_Biru90/status/1740989411494683128
samudrabiru,"samudrabiru samudrabiru @Samudra_Biru90 Â· Alat2nya sudah tua-tua sih... dan old school sehingga banya hasilkan  polusi udara .
.
dikadalin cina lu..
.
.
.
.
.
. Narasi Newsroom Narasi Newsroom @NarasiNewsroom Â· Ternyata sering juga ya kebakaran di smelter gini, serem banget.

Semoga bisa segera dievaluasi deh biar gak kejadian lagi, apalagi kalo sampe makan korban 14 14 14",30-12-2023 13:53,0,0,0,https://x.com/Samudra_Biru90/status/1740989393463357550
Kevin Putra,Kevin Putra Kevin Putra @putrasemestalam Â· Menikmati sebelum kembali ke  udara  penuh  polusi 1 1 1 84 84 84,30-12-2023 13:47,0,0,0,https://x.com/putrasemestalam/status/1740988027688874202
Ari Wattimena,"Ari Wattimena Ari Wattimena @ari_wattimena2 Â· perayaan Tahun Baru 2024 di Jakarta. Selain mengurangi kemacetan, penggunaan transportasi umum juga dapat membantu mengurangi  polusi udara . Jadi, yuk kita dukung program Pemprov DKI Jakarta dengan menggunakan angkutan umum saat berlibur di 24 24 24",30-12-2023 13:41,0,0,0,https://x.com/ari_wattimena2/status/1740986507052351758
Yanti Putriani,"Yanti Putriani Yanti Putriani @PutrianiYanti Â· perayaan Tahun Baru 2024 di Jakarta. Selain mengurangi kemacetan, penggunaan transportasi umum juga dapat membantu mengurangi  polusi udara . Jadi yuk, jangan ragu-ragu untuk naik bus atau kereta saat merayakan tahun baru nanti!  24 24 24",30-12-2023 13:29,0,0,0,https://x.com/PutrianiYanti/status/1740983539733291303
hana hanifah,hana hanifah hana hanifah @hanahanifahuu Â· perayaan Tahun Baru di Jakarta. Ini penting untuk mengurangi kemacetan dan  polusi udara . Mari kita dukung upaya Pemprov DKI Jakarta dalam menciptakan lingkungan yang lebih baik bagi kita semua! 34 34 34,30-12-2023 13:29,0,0,0,https://x.com/hanahanifahuu/status/1740983421713969475
aku brokoli,"aku brokoli aku brokoli @nadiclofnk Â· heran sm org yg pakai knalpot brong, dikira g bikin  polusi  suara dan  udara  apa ya???!!! 
dasar g punya otak 1 1 1 57 57 57",30-12-2023 13:05,0,0,0,https://x.com/nadiclofnk/status/1740977414849835051
yudi budi wibowo,"yudi budi wibowo yudi budi wibowo @yudibw Â· https:// 92516-4-464937/terungkap-ini-fakta-penyumbang-terbesar-polusi-udara-jakarta â€¦ Kementerian Lingkungan Hidup dan Kehutanan mengungkapkan penyumbang terbesar  polusi udara  akut di DKI Jakarta.
Bukan PLTU, penyebab utama  polusi udara  di ibu kota berasal dari kendaraan bermotor.

Ditanya jakarta, knapa membandingkan dgn yg singapura..  Mr Desperate Mr Desperate @MrDesperate1 Â· DESAK ANIES
Ketika otak mahasiswa setara dgn otak anak TK, maka hanya ada joget2 gemoy yg sanggup dicerna oleh otaknya.
Gen Z Indo pastilah ga mau jadi manusia2 anti sains kaya gini kan? 2:16 2:16 2 2 2 82 82 82",30-12-2023 12:01,0,0,0,https://x.com/yudibw/status/1740961276325744879
POPMAMA,POPMAMA POPMAMA @Popmama_com Â· 5 Penyakit yang Dialami Banyak Orang saat  Polusi Udara  Memburuk  https:// ela-shafa/penyakit-yang-langsung-dialami-banyak-orang-saat-polusi-udara-membur?utm_source=twitter&utm_medium=twitter&utm_campaign=dlvr.it â€¦ 1 1 1 15 15 15,30-12-2023 11:52,0,0,0,https://x.com/Popmama_com/status/1740958913108029754
Tchala,"Tchala Tchala @alphaxyzt Â· @abusyaekhon and and @goodghan liat  polusi udara  di jakarta, terasa di neraka 41 41 41",30-12-2023 11:07,0,0,0,https://x.com/alphaxyzt/status/1740947810655285544
Joseph,"Joseph Joseph @joseph_zhng Â· Parody account Sesekali sepedaan ge biar ga supraan terus. Lumayan olahraga dan mengurangi  polusi udara å‘¨æŸ¯å®‡ ğ—ğ—² å‘¨æŸ¯å®‡ ğ—ğ—² @zh0ukeyu_ Â· @zh0ukeyu_ @zh0ukeyu_ Jadi guru penjas harus kasih contoh rajin olahraga, contohnya sepedaan
Ditemenin si Asep 46 46 46",30-12-2023 11:07,0,0,0,https://x.com/joseph_zhng/status/1740947575858159682
pemuda_42,"pemuda_42 pemuda_42 @42_pemuda Â· Dampak yg ditimbulkan dri pertambangn ialh, air yg tercemr,  polusi udara  & kerusakn lingkungan. Ekosistem hutan yg terncam punah. Masyarakat yg hidup berdampingan dg alam semkin sengsara karna alam rusak #KapitalismeSengsarakanUmat #KhilafahPerisaiHakiki #IslamSolusi #Khilafah 1 1 1 1 1 1 26 26 26",30-12-2023 10:48,0,0,0,https://x.com/42_pemuda/status/1740942905307771105
CapingPring,"CapingPring CapingPring @CapingPrin8 Â· Rusaknya lingkungan,  polusi udara , Air & laut semakin merampas ruang hidup umat. Mereka menjadi mudah sakit dan daya tahan tubuh yang terus melemah. Generasi semakin lemah dalam berpikir dan berjuang #KapitalismeSengsarakanUmat #KhilafahPerisaiHakiki #IslamSolusi #Khilafah 19 19 19",30-12-2023 10:40,0,0,0,https://x.com/CapingPrin8/status/1740940992352780492
Karachan,Karachan Karachan @Karachan489781 Â· @WellyFraisa Dia bukannya songong tapi menjelaskan solusi menghadapi  polusi  dan juga pertanyaan Prabowo emang gak dijawab dengan baik malah menyalahkan angin padahal alasan kenapa  polusi udara  banyak udah jelas karena kendaraan dan pabrik manufaktur 30 30 30,30-12-2023 09:56,0,0,0,https://x.com/Karachan489781/status/1740929760946180122
nafas indonesia,"nafas indonesia nafas indonesia @nafasidn Â· H-2 tahun baru 

Kualitas  udara  kok masih kotor?  Hindari beraktivitas di luar ruangan saat  polusi  tinggi Pakai masker 2 2 2 1 1 1 1 1 1 770 770 770",30-12-2023 09:48,0,0,0,https://x.com/nafasidn/status/1740927851111821672
Real,"Real Real @real11_30 Â· @Hasbil_Lbs and and @aniesbaswedan Yg menjelaskan juga tidak pakai data. Kocak sekali

Hei Itu APBD 80T bukan utk penanganan  polusi udara  aja. Itu keseluruhan anggaran daerah. Didalmnya juga terdapat anggaran gaji dan tunjangan pns 78 78 78",30-12-2023 09:10,0,0,0,https://x.com/real11_30/status/1740918371754086729
á­¢êª® á¦‹êª®-êª‰êª¶êª®á¨¶Æ™,"á­¢êª® á¦‹êª®-êª‰êª¶êª®á¨¶Æ™ á­¢êª® á¦‹êª®-êª‰êª¶êª®á¨¶Æ™ @ak03l Â· @Kakak211 and and @ilhampurnama887 TOA koq  polusi udara .
Emang menghasilkan asap dan gas karbon monoksida? 1 1 1 24 24 24",30-12-2023 09:09,0,0,0,https://x.com/ak03l/status/1740917936381169824
polsek padang hulu,polsek padang hulu polsek padang hulu @HuluPadang Â· Bhabinkamtibmas  Polsek Padang Hulu menghimbau warga  agar tidak melakukan pembakaran sampah untuk mencegah terjadinya kebakaran Lahan dan  Polusi Udara 21 21 21,30-12-2023 08:37,0,0,0,https://x.com/HuluPadang/status/1740910039752454234
ã€ğ’ã€‘,"ã€ğ’ã€‘ ã€ğ’ã€‘ @SirnaKusumo Â· @SirnaTaraka Astaghfirullah,  polusi udara . 28 28 28",30-12-2023 08:21,0,0,0,https://x.com/SirnaKusumo/status/1740905796756816345
Kakak 2,"Kakak 2 Kakak 2 @Kakak211 Â· @ilhampurnama887 Mungkin saja muslim yang masih waras mulai muak dengan toa yang berisik,  polusi udara , merusak gendang telinga.

 Mending ikut ane saja, masuk kamar, berdoa kepada Tuhan yang tidak kelihatan di tempat tidak terlihat. Murni iman, tidak munafik, tidak pamer 1 1 1 78 78 78",30-12-2023 07:02,0,0,0,https://x.com/Kakak211/status/1740886050476851309
Martin Willy Sandi,"Martin Willy Sandi Martin Willy Sandi @SandiWilly Â· @KazaleaOcha @Romanzah5 and and @tvOneNews Kau paham tdk ttg pencemaran  polusi udara , kan bilangnya tdk punya KTP, kalau berwawasan minimalis keep silent aje 1 1 1 43 43 43",30-12-2023 05:50,0,0,0,https://x.com/SandiWilly/status/1740867861625925900
..,".. .. @hytamsaurus Â· ""Ga sanggup beli mobil""
- miskin
- kere

""Saya tidak naik beli mobil karna saya tidak egois dan tidak ingin memakan space di ruang publik, tidak ingin mencemarkan  udara  dengan  polusi ""
- idealis
- peduli lingkungan
- open minded TxtdariBekasy TxtdariBekasy @txtdrbekasi Â· â€œBelum ada uang kalo untuk beli mobilâ€

- Kere
- Lemah
- Putus asa

â€œWhy would u beli barang yg bikin sengsara 5 tahun karena harus bayar cicilan sebesar sepertiga gaji bulanan, yg nilainya anjlok setelah 5 tahun tsb, dan bikin lu orang terjebak macet tiap hari??
Beli mobil = Show more 3 3 3 94 94 94",30-12-2023 04:19,0,0,0,https://x.com/hytamsaurus/status/1740845091680625029
Akar Rumput Ilalang,"Akar Rumput Ilalang Akar Rumput Ilalang @JhonDoe60200248 Â· @kumparan Wkwk.... Kayakx ngurus  polusi udara  saat covid, begitu  polusi  turun krn psbb cepatÂ²lah klaim itu krn program berhasil, tp begitu  polusi udara  meningkat mk segera cari kambing hitam yaitu gegara Angin dari daerah sekitar dki yg membawa po lusi  Wan Angin berubah 1 1 1 66 66 66",30-12-2023 02:33,0,0,0,https://x.com/JhonDoe60200248/status/1740818383292260454
Erlina Burhan (EB),"Erlina Burhan (EB) Erlina Burhan (EB) @erlinaburhan Â· @erlinaburhan Banyak.

1. Kalau merokok, bisa saja sebabnya dari rokok
2.  Polusi udara 3. Infeksi saluran napas dan karena suatu hal mengalami infeksi kembali
4. Serangan asma, karena batuk adalah gejala awal dari asma. 1 1 1 2 2 2 420 420 420",30-12-2023 01:18,0,0,0,https://x.com/erlinaburhan/status/1740799360433299676
zaviÃ©raa,"zaviÃ©raa zaviÃ©raa @zvieradelouvre Â· Udah jalanan padet,  udara  panas, trs  polusi  visual jg banner, bendera partai sembarangan dimana mana. Bener2 yg bikin skip mau keluar  86 86 86",30-12-2023 00:11,0,0,0,https://x.com/zvieradelouvre/status/1740782553706144243
Gabriel.,"Gabriel. Gabriel. @Lunarinscience Â· @deseutede Di rumah lah, ngapain ke luar. Menuh-menuhin  polusi udara  (sama populasi jomblo aja).  1 1 1 24 24 24",29-12-2023 23:53,0,0,0,https://x.com/Lunarinscience/status/1740778193353941446
Navy Î²,"Navy Î² Navy Î² @shirairu Â· Parody account Veritas klo milih tempat buat ngedate paling bakal diseleksi super ketat sih. Misal menghindari tempat deket jalan raya biar gak kena  polusi , yang sirkulasi  udara  bagus, kena cahaya matahari, gak berdebu, bersih sih, dan yg paling penting tempatnya elit super berkelas POMPOMFESS | TOPUP & JOKI HSR POMPOMFESS | TOPUP & JOKI HSR @pompomfess Â· Automated Pompom! Cw // halu

Kalo cowok hsr mengajak kamu nge-date, sebutin aktivitas sama tempat nge-date favorit doi 1 1 1 66 66 66",29-12-2023 23:48,0,0,0,https://x.com/shirairu/status/1740776823729094847
Î±Î¹Ñ•Ñ•,Î±Î¹Ñ•Ñ• Î±Î¹Ñ•Ñ• @upasanta_ Â· @voezmoi bakar makanan jg  polusi udara 1 1 1 20 20 20,29-12-2023 22:11,0,0,0,https://x.com/upasanta_/status/1740752426855244121
Muhammad Norman Ismail,"Muhammad Norman Ismail Muhammad Norman Ismail @mnormansmile Â· @Raden_Mas_Budi and and @UyokBack Jwbn Anies atas pertanyaan Prabowo, langkah2 yang sudah dilakukan Anies selain Memasang alat pemantau  polusi udara 1. Pengendalian emisi
2. Elektrifikasi kendaran umum
3. Konversi kendaraan umum 2 2 2 71 71 71",29-12-2023 21:39,0,0,0,https://x.com/mnormansmile/status/1740744390052901111
Godam,"Godam Godam @Godam062 Â· @SuluahM96150 @noegrahaha and and @AnggaPutraF Dikasih contoh aja, pas pembakaran lahan di sumatera asapnya sampai ke singapore dan terjadi  polusi udara  di sana. Kalau bukan angin, trus siapa yang bawa ? Jin Tomang ?  1 1 1 1 1 1 40 40 40",29-12-2023 21:20,0,0,0,https://x.com/Godam062/status/1740739657837728050
Brury Mansoor,"Brury Mansoor Brury Mansoor @BrurySaeed Â· @Hasbil_Lbs and and @aniesbaswedan Lah dia aja ngakuin kalo angin itu bisa bawa  polusi udara , untuk kasus Singapura dia bilang  polusi  asap dari luar, giliran Jakarta ga ngakuin,  dia nuduh anis chery picking dianya apa coba....?
Emang kalo udah dasarnya suka dan ga suka, susah orang untuk berlaku adil 2 2 2 186 186 186",29-12-2023 20:37,0,0,0,https://x.com/BrurySaeed/status/1740728712604356821
DIRGA.,"DIRGA. DIRGA. @dirgalima Â· @dirgalima STOOOFFF

Gimana? Ada dapet kartu rare dari gue?? Jangan dibakar yek, ntar  polusi udara . Simpen aja, kalau dapet 3 bisa tuker nasi rames ke ZENON.

Next jam 20.38 WIB. 

Yg tadi ketinggalan nyuri pc, bisa QRT aja. 1 1 1 11 11 11 562 562 562",29-12-2023 20:33,0,0,0,https://x.com/dirgalima/status/1740727619186737325
Pochin aja,Pochin aja Pochin aja @veesara__ Â· Parody account @tehthetea Polusi udara  susah bgt gasi tp klo mau dikelola? 1 1 1 12 12 12,29-12-2023 20:13,0,0,0,https://x.com/veesara__/status/1740722818466369769
LIPUTAN6,LIPUTAN6 LIPUTAN6 @liputan6dotcom Â· Dampak Nyata Startup Jebolan Startup4Industry Kemenperin Tekan  Polusi Udara http:// #Bisnis liputan6.com liputan6.com Aksi Nyata Startup Jebolan Startup4Industry Kemenperin Tekan Polusi Udara Aksi Nyata Startup Jebolan Startup4Industry Kemenperin Tekan Polusi Udara Kementerian Perindustrian melalui Direktorat Jenderal Industri Kecil Menengah dan Aneka (IKMA) terus aktif membina tech startup dalam program Startup4Industry sejak 2018. Kementerian Perindustrian melalui Direktorat Jenderal Industri Kecil Menengah dan Aneka (IKMA) terus aktif membina tech startup dalam program Startup4Industry sejak 2018. 1 1 1 636 636 636,29-12-2023 20:08,0,0,0,https://x.com/liputan6dotcom/status/1740721380998725927
Tsakurnikov,"Tsakurnikov Tsakurnikov @muhammadsyakur2 Â· @Hasbil_Lbs and and @aniesbaswedan pdhl menterinya sendiri udh bilang PLTU salah satu sumber utama  polusi udara  di DKI, kendaraan 44% PLTU 34%, PLTU ini yg jd penyebab  polusi  tetap tinggi di DKI di malam hari meskipun kendaraan jumlahnya sedikit 22 22 22",29-12-2023 19:04,0,0,0,https://x.com/muhammadsyakur2/status/1740705301551304823
Sin Yo,"Sin Yo Sin Yo @Sinxcossxtan Â· Daripada ribut masalah ketiak mambu harus pake deodoran atau enggak, mending coba minum jamu kunir asem/kunci sirih. Ambumu sing kecut cek rodok ngurangi  polusi udara 56 56 56",29-12-2023 17:41,0,0,0,https://x.com/Sinxcossxtan/status/1740684361010462846
,@astrovhiles Â· @Sunootruly prinsipnya apa? yg penting menghirup  udara  yg sama   (a lias polusi) 1 1 1 13 13 13,29-12-2023 17:09,0,0,0,https://x.com/astrovhiles/status/1740676405258842375
Rahman Situmorang,"Rahman Situmorang Rahman Situmorang @r_situmora Â· @AlfarielArkan1 @heniwungkul and 2 others Wk wk wk....  Polusi udara  disingapore akibat kebakaran hutan di bandingkan dgn  polusi udara  Jakarta!. 
Junjungan elo Emang pintar tp buat orang yg idiot seperti elo. 1 1 1 50 50 50",29-12-2023 16:33,0,0,0,https://x.com/r_situmora/status/1740667302134300919
Humas_PolsekRegol,"Humas_PolsekRegol Humas_PolsekRegol @polsek_regol Â· Sinergitas Tiga Pilar Kecamatan TNI POLRI Lestarikan Negeri - Penghijaun Sejak Dini di wilkum Kecamatan Regol. dengan tujuan Menjaga, merawat, melestarikan lingkungan serta Upaya Mencegah terjadinya  Polusi Udara @listyosigitprabowo  @spripim .polri 
@divisihumaspolri 2 2 2 18 18 18",29-12-2023 16:11,0,0,0,https://x.com/polsek_regol/status/1740661921446347049
Katadata Green,Katadata Green Katadata Green @Katadatagreen Â· Startup Databiota Manfaatkan Bioteknologi untuk Tekan  Polusi Udara katadata.co.id katadata.co.id Startup Databiota Manfaatkan Bioteknologi untuk Tekan Polusi Udara - Ekonomi Sirkular Katadata.co.id Startup Databiota Manfaatkan Bioteknologi untuk Tekan Polusi Udara - Ekonomi Sirkular Katadata.co.id Startup Databiota juga memiliki teknologi Carbon Command Center (CCC) untuk membantu pelaku industri memantau dan mengontrol jumlah pengeluaran dan penyerapan emisi karbon secara real time. Startup Databiota juga memiliki teknologi Carbon Command Center (CCC) untuk membantu pelaku industri memantau dan mengontrol jumlah pengeluaran dan penyerapan emisi karbon secara real time. 28 28 28,29-12-2023 15:14,0,0,0,https://x.com/Katadatagreen/status/1740647385272119681
Katadata.co.id,Katadata.co.id Katadata.co.id @KATADATAcoid Â· Startup Databiota Manfaatkan Bioteknologi untuk Tekan  Polusi Udara http:// 288 288 288,29-12-2023 15:11,0,0,0,https://x.com/KATADATAcoid/status/1740646615596367995
ğŸ†„ğŸ…½ğŸ…¸ğŸ…µğŸ†ğŸ…¼,"ğŸ†„ğŸ…½ğŸ…¸ğŸ…µğŸ†ğŸ…¼ ğŸ†„ğŸ…½ğŸ…¸ğŸ…µ ğŸ†ğŸ…¼ @WAHYU_UNIFORM Â· @kurawa @kikysaputrii and and @bengkeldodo DODO itu klo ngetwit lucu
Klo diadu dg data ujungnya bilang..
""......""
Jawabnya Gak nyambung klo adu data
Misal nyerang  polusi udara , dp 0% , ok oce, banjir... mentahh semua

Sebaiknya diposisikn u/ memuji program2 pasangan 02 saja
Krn klo bicara ttg kebijakan, mentah 31 31 31",29-12-2023 13:51,0,0,0,https://x.com/WAHYU_UNIFORM/status/1740626498405703800
Legasov,Legasov Legasov @AfrizalGisda Â· Lah kalo di jakarta dapet semua Polusi  visual Polusi udara Polusi  suara tempo.co tempo.co @tempodotco Â· Polusi udara  Polusi visual  #TempoFoto #TempoFoto 44 44 44,29-12-2023 12:46,0,0,0,https://x.com/AfrizalGisda/status/1740610139294765534
Pi,Pi Pi @Willughbeia Â· @tempodotco Polusi udara .  Polusi  air.  Polusi  suara.  Polusi  visual.  Polusi  cahaya pada meroket. 13 13 13,29-12-2023 12:40,0,0,0,https://x.com/Willughbeia/status/1740608706151428129
Jidan Amir,Jidan Amir Jidan Amir @jidanamir_ Â· /12/2023. Semoga kegiatan ini dapat memberikan kenyamanan bagi pengguna jalan dan mengurangi  polusi udara . 5 5 5,29-12-2023 12:05,0,0,0,https://x.com/jidanamir_/status/1740599941377237135
tr,tr tr @etemzone Â· HALO  POLUSI UDARA  JAKARTA 1 1 1 121 121 121,29-12-2023 11:13,0,0,0,https://x.com/etemzone/status/1740586880759119913
BHABINKAMTIBMAS.POLSEKCISAUK,BHABINKAMTIBMAS.POLSEKCISAUK BHABINKAMTIBMAS.POLSEKCISAUK @BhabinPolsekCsk Â· @HumasCisauk  Bhabinkamtibmas Kel. baktijaya Aiptu Suprapto melakukan sambang dan tatap muka dengan masyarakat Lanjut menyampaikan himbauan kepada masyarakat untuk tidak membakar sampah sembarangan guna mengurangi  polusi udara 9 9 9,29-12-2023 10:43,0,0,0,https://x.com/BhabinPolsekCsk/status/1740579257141932107
DataIndonesia.ID,DataIndonesia.ID DataIndonesia.ID @DataindonesiaId Â· Tingkat  Polusi Udara  Jakarta Pagi Ini (29 Desember 2023)  https:// ingkat-polusi-udara-jakarta-pagi-ini-29-desember-2023 â€¦ 35 35 35,29-12-2023 10:01,0,0,0,https://x.com/DataindonesiaId/status/1740568674095010253
Win,"Win Win @wina_yulinar Â· Buat para pria fyi aja ya, toilet tuh diciptakan buat tempat buang air kecil jg, jd kalo mau kencing tuh ya ke toilet, jgn kencing sembarangan di mana-mana, airnya jd nyiprat kemana2, jd  polusi udara  yaampun pesing banget 75 75 75",29-12-2023 09:46,0,0,0,https://x.com/wina_yulinar/status/1740565022055739854
melow | Carat Army,"melow | Carat Army melow | Carat Army @dinolodgy Â· @salshaindr gw bau ketek aja gw tau diri anjir wkkwwk, kata gw si mrk tu tau mrk bau ketek tpi udh kebiasa sm kejorokan dan baunyaaaaa, aku sih nono, aku gamau  polusi udara  orang 206 206 206",29-12-2023 09:36,0,0,0,https://x.com/dinolodgy/status/1740562335629296023
Kompasiana,"Kompasiana Kompasiana @kompasiana Â· Menyoroti fenomena penggunaan kata-kata kotor di kalangan anak-anak muda. Apa penyebab, dampak dan solusinya?  #Headline https:// /658d944e12d50f4bdd53fd32/terhindar-polusi-udara-jakarta-terpapar-polusi-suara-saat-liburan â€¦ 1 1 1 247 247 247",29-12-2023 09:23,0,0,0,https://x.com/kompasiana/status/1740559194946965701
,"@ezzahm Â· @ezzahm Toldcha, ketek itu harusnya ga bau neraka. Bau kecut2 dikit wajar, orang lembap kena keringet. Tapi kalo sampe bau banget bikin  polusi udara  ya emang mengganggu lingkungan sekitar. 1 1 1 126 126 126",29-12-2023 09:17,0,0,0,https://x.com/ezzahm/status/1740557541523005598
UpD,"UpD UpD @AbdillahNurdin8 Â· @AbdillahNurdin8 @Raden_Mas_Budi and and @UyokBack Lain hal, akibat dari erupsi gunung sinabung, debu tebal juga pernah menyelimuti Kota Kami yang dibawa oleh agin sehingga terjadi  polusi Udara . 3 3 3 64 64 64",29-12-2023 08:54,0,0,0,https://x.com/AbdillahNurdin8/status/1740551886904947085
UpD,"UpD UpD @AbdillahNurdin8 Â· @Raden_Mas_Budi and and @UyokBack Woi, Kami di Sumatera Utara Pernah Terdampak  polusi Udara  akibat hutan yang terbakar atau sengaja dibakar, dan asap dari hutan yang terbakar atau dibakar itu dibawa oleh angin hingga sampai ke Sumatera Utara. 2 2 2 5 5 5 451 451 451",29-12-2023 08:51,0,0,0,https://x.com/AbdillahNurdin8/status/1740551154541769194
ferderico soleh,"ferderico soleh ferderico soleh @SolehFerde14380 Â· @beathinggg Modal bacot doang..
Banjir di bilang air parkir..

Ditanya dana 80T buat  polusi udara  jakarta dijadiin apa malah nyalahin angin 29 29 29",29-12-2023 08:44,0,0,0,https://x.com/SolehFerde14380/status/1740549310859874496
JANJI MANIS,JANJI MANIS JANJI MANIS @cepat_internet Â· @1971Andidarni @ImaginarySteady and 10 others iya dikira cuma buat  polusi udara  lupa si dodo ini klo anggaran nya juga biat bangun bambu mesum 20 20 20,29-12-2023 08:42,0,0,0,https://x.com/cepat_internet/status/1740548936908308755
polsek padang hulu,polsek padang hulu polsek padang hulu @HuluPadang Â· Bhabinkamtibmas  Polsek Padang Hulu menghimbau warga  agar tidak melakukan pembakaran sampah untuk mencegah terjadinya kebakaran Lahan dan  Polusi Udara 27 27 27,29-12-2023 08:24,0,0,0,https://x.com/HuluPadang/status/1740544349363196310
cass,"cass cass @sekenekaun Â· Hhhmmmm... Padahal tiap hari kita berhubungan dengan bahan kimia.

Contoh air H20,  udara  O2,  polusi  bisa mengandung CO2, garam NaCl, gula/glucose C6H12O6 (kalau ga salah), dan tubuh kita sendiri banyak terdiri dari bahan kimia contoh siklus krebs! Wanita Tampan Wanita Tampan @MonaliissaMee Â· @salshaindr @salshaindr Kamu ngetawain mereka bau, mereka ngetawain kamu krn masih hobby pake deodoran yg mengandung bahan kimia setiap hari.

Most of them bkn ga kenal deodoran, tapi udah melek efek sampingnya. 55 55 55",29-12-2023 07:35,0,0,0,https://x.com/sekenekaun/status/1740531943274631306
uwi,uwi uwi @uwisty Â· Depan rumah nambah kandang ayam bikin  polusi udara  pagi-pagi soalnya kayak jarang dibersihin  7 7 7,29-12-2023 07:16,0,0,0,https://x.com/uwisty/status/1740527075742884214
@indrasyzea,"@indrasyzea @indrasyzea @ISyzea Â· @DaniDsartika778 @agrisnamulya and 10 others Apakah sekarang  polusi udara  di jkt sudah turun?
Hampir dua TH Anies selesai jadi gubernur 2 2 2 17 17 17",29-12-2023 07:06,0,0,0,https://x.com/ISyzea/status/1740524590806515938
Wanda JASA DESAIN,Wanda JASA DESAIN Wanda JASA DESAIN @wandadesign755 Â· @okcompawter @MonaliissaMee and and @salshaindr JANGAN BERNAFAS JUGA! KAN  UDARA  OKSIGEN PURE MURNI KITA SUDAH KENA  POLUSI  JUGA! 1 1 1 3.1K 3.1K 3.1K,29-12-2023 07:04,0,0,0,https://x.com/wandadesign755/status/1740524176648413310
Anti_Oligarki,Anti_Oligarki Anti_Oligarki @CakraAjiPS Â· @elisa_jkt namanya juga ada Dodo. Ya pastilah otaknya koplak. dari seluruh kota di dunia mana ada anggaran penanganan  polusi udara  sampai puluhan trilyun. si Dodo mah kebanyakan minum asam sulfat. Akwokkwokkwokk 10 10 10,29-12-2023 06:44,0,0,0,https://x.com/CakraAjiPS/status/1740519121740255255
amersault,"amersault amersault @marimenunda Â· Polusi udara  iya,  polusi  visual dan suara juga iya HAHAHA SUREEEEEEEEEEM tempo.co tempo.co @tempodotco Â· Polusi udara  Polusi visual  #TempoFoto #TempoFoto 1 1 1 133 133 133",29-12-2023 06:05,0,0,0,https://x.com/marimenunda/status/1740509232750059841
si kuning,"si kuning si kuning @shoping_daily Â· @Ledokkkkk and and @cursedkidd Biar gak jadi  polusi udara  pake tawas aja, ampuh 1 1 1 76 76 76",29-12-2023 05:10,0,0,0,https://x.com/shoping_daily/status/1740495351864525101
Agam Hanafiah,Agam Hanafiah Agam Hanafiah @agmsr Â· Polusi udara  dan visual  tempo.co tempo.co @tempodotco Â· Polusi udara  Polusi visual  #TempoFoto #TempoFoto 68 68 68,29-12-2023 00:54,0,0,0,https://x.com/agmsr/status/1740431029775814694
brg,brg brg @bfar__ Â· Bukannya harusnya:  Polusi udara Polusi  visual  tempo.co tempo.co @tempodotco Â· Polusi udara  Polusi visual  #TempoFoto #TempoFoto 78 78 78,29-12-2023 00:32,0,0,0,https://x.com/bfar__/status/1740425564065087531
DetikFinance,"DetikFinance DetikFinance @detikfinance Â· Polusi udara  di New Delhi, India, masuk kategori ""parah"". Begini suasana di Bandara Internasional Indira Gandhi yang tertutup  polusi udara . finance.detik.com finance.detik.com Potret Bandara Internasional Indira Gandhi Tertutup Polusi Udara Potret Bandara Internasional Indira Gandhi Tertutup Polusi Udara Polusi udara di New Delhi, India, masuk kategori ""parah"". Begini suasana di Bandara Internasional Indira Gandhi yang tertutup polusi udara. Polusi udara di New Delhi, India, masuk kategori ""parah"". Begini suasana di Bandara Internasional Indira Gandhi yang tertutup polusi udara. 1 1 1 2 2 2 963 963 963",28-12-2023 23:19,0,0,0,https://x.com/detikfinance/status/1740407061161103786
Kompasiana,"Kompasiana Kompasiana @kompasiana Â· Terhindar  Polusi Udara  Jakarta, Terpapar  Polusi  Suara Saat Liburan  http:// 294 294 294",28-12-2023 22:46,0,0,0,https://x.com/kompasiana/status/1740398753025294814
Polirut,Polirut Polirut @jurnalsumbawa Â· 6 Tips dan Cara Merawat Rambut Agar Tetap Berkilau Ditengah Maraknya  Polusi Udara https:// 11344786/6-tips-dan-cara-merawat-rambut-agar-tetap-berkilau-ditengah-maraknya-polusi-udara â€¦ 22 22 22,28-12-2023 22:39,0,0,0,https://x.com/jurnalsumbawa/status/1740397010937929769
Selfie bareng itik,Selfie bareng itik Selfie bareng itik @reishi_aja Â· @zmzamrud Singapura pernah  polusi udara  karena kebakaran di sumatra dan kalimantan apakah asap kebakaran itu di bawa oleh para pelancong indonesia yang kesingapura... 187 187 187,28-12-2023 22:36,0,0,0,https://x.com/reishi_aja/status/1740396379397345499
soshiro hoshina,soshiro hoshina soshiro hoshina @manobsl Â· @convomfs orang stress tuh bkin pemanasan global/meningkatkan  polusi udara  gak sih? 54 54 54,28-12-2023 21:33,0,0,0,https://x.com/manobsl/status/1740380456020004924
|,| | @tuornesoI Â· Menurut gw orang bau tuh  polusi udara  bgt kek gw mo napas ga bisa karena gw pusing menghirup  udara  bau looo  @salshaindr Â· ???? Natural deodorants with non chemical ingredients EXIST tolong jangan normalisasi ORANG ORANG JOROK JARANG MANDI   x.com/MonaliissaMee/â€¦ 1 1 1 251 251 251,28-12-2023 21:16,0,0,0,https://x.com/tuornesoI/status/1740376247144996963
saptonodwianto,"saptonodwianto saptonodwianto @saptonodwianto Â· @EdyKiantolol and and @elisa_jkt Buktinya  polusi udara  di jkt gk setiap hari, hanya hari2 tertentu saja 1 1 1 26 26 26",28-12-2023 20:12,0,0,0,https://x.com/saptonodwianto/status/1740359946108383533
anna bela,"anna bela anna bela @fatimah_rusalka Â· @FOODFESS2 Ini sih keluarga laki gw banget. Padahal pilek gr2  polusi udara .
Kalo dinrunah gw ada dispenser jadinya ga ada yg tafuh air di kulkas. 6 6 6",28-12-2023 19:57,0,0,0,https://x.com/fatimah_rusalka/status/1740356307222405361
Saya Ya Saya,"Saya Ya Saya Saya Ya Saya @klappykoe Â· @pesonamilenial and and @aniesmania Yg ga ngerti kenapa angin jg ikut bersalah terhadap  polusi udara , berarti memang SDM rendah. Dia ga ngerti bahwa asap kebakaran hutan di Kalimantan dan Riau, bisa sampai membuat S'pore dan Malaysia tertutup asap, ya gara2 angin. Memangnya yg bawa asap ke mana2 itu Jin piaraanmu?? 25 25 25",28-12-2023 19:48,0,0,0,https://x.com/klappykoe/status/1740353934559154548
LaporIklim,"LaporIklim LaporIklim @LaporIklim Â· @LaporIklim Belum lama ini, DKI Jakarta dinobatkan sebagai kota dengan  udara  yang tidak sehat akibat dari tingginya  polusi udara . 1 1 1 42 42 42",28-12-2023 19:42,0,0,0,https://x.com/LaporIklim/status/1740352436085432581
red hibiscus,"red hibiscus red hibiscus @castlesungg Â· sadar gak si kalo bau ketek lu tuh jadi  polusi udara Wanita Tampan Wanita Tampan @MonaliissaMee Â· @salshaindr @salshaindr Kamu ngetawain mereka bau, mereka ngetawain kamu krn masih hobby pake deodoran yg mengandung bahan kimia setiap hari.

Most of them bkn ga kenal deodoran, tapi udah melek efek sampingnya. 24 24 24",28-12-2023 19:31,0,0,0,https://x.com/castlesungg/status/1740349816096670151
ara istrinya arok BUSY,"ara istrinya arok BUSY ara istrinya arok BUSY @araparamesywari Â· @meruwaifu Polusi udara polusi  bunyi  polusi  suhu (termasuk ga..) di surabaya alias disini banyak banget asapnya bcs banyak mobil banyak motor, berisik juga, terus PANAS banget 1 1 1 56 56 56",28-12-2023 19:02,0,0,0,https://x.com/araparamesywari/status/1740342342241173660
Pengabdi James Bond dan Tom Cruise,"Pengabdi James Bond dan Tom Cruise Pengabdi James Bond dan Tom Cruise @bagus_carito Â· @MonaliissaMee and and @salshaindr Bau ketek dan bau Badan MENGGANGGU,  Polusi udara 8 8 8",28-12-2023 18:36,0,0,0,https://x.com/bagus_carito/status/1740335897596608821
anz,anz anz @mllkkyss Â· @meruwaifu polusi udara 1 1 1 38 38 38,28-12-2023 18:30,0,0,0,https://x.com/mllkkyss/status/1740334450381381915
MasNur,MasNur MasNur @MasNur2416 Â· @BhuanaBhayu and and @bengkeldodo Walah mas.. Sampeyan liat prestasi anis dmna.. Haduh korban prestasi abal abal.. Liat Jakarta masih banjir macet  polusi udara  parah.. Apa kerja anis.. Kl kampanye bilang e manis hasil e zonk... Orang Yaman kok di percaya.. Pribumi no 3 jelas.. 1 1 1 52 52 52,28-12-2023 18:28,0,0,0,https://x.com/MasNur2416/status/1740333988395528204
Inspirasi Outfit,"Inspirasi Outfit Inspirasi Outfit @ootd_id Â· @ootd_id Sabun Mandi PENCERAH  Cocok untuk semua jenis kulittt

Manfaat
- membersihkan kulit dari debu, kotoran, dan  polusi udara - mencerahkan, meratakan warna kulit serta menyamarkan noda hiperpigmentasi
- kulit bersih, cerah, segar, lembab dan terawat https:// 1 1 1 1 1 1 1 1 1 1.2K 1.2K 1.2K",28-12-2023 18:20,0,0,0,https://x.com/ootd_id/status/1740331791226155497
daggerdast,daggerdast daggerdast @daggerdast Â· @Safrudin_09 @kikysaputrii and 2 others Memangnya berapa anggaran DKI yg di alokasikan oleh wan angin utk mengatasi  polusi udara  di Jakarta. Ente tau ? 1 1 1 406 406 406,28-12-2023 18:05,0,0,0,https://x.com/daggerdast/status/1740328200771973165
Investor Daily,Investor Daily Investor Daily @InvestorID Â· Kemenperin terus aktif membina tech start-up dalam program Startup4Industry sejak 2018  https:// 6/startup-ini-mampu-tekan-polusi-udara?utm_source=dlvr.it&utm_medium=twitter â€¦ #InvestorDaily #Keuangan #Investor 138 138 138,28-12-2023 18:03,0,0,0,https://x.com/InvestorID/status/1740327512574767366
din à´¦àµà´¦à´¿ 'ÖŠ',din à´¦àµà´¦à´¿ 'ÖŠ' din à´¦àµà´¦à´¿ 'ÖŠ' @dnozauruz Â· tetep aja jujur gak nyaman   ak pake clay mask aja kadang bener bener bawa tisu ke kamar mandi jd pas cuci tngn langsung ak bekap satu jari biar gak kena  udara  atopun  polusi  bakteri HAHAHAHAHAH 43 43 43,28-12-2023 17:55,0,0,0,https://x.com/dnozauruz/status/1740325512684404845
SUHALIM,"SUHALIM SUHALIM @Sigmahalim Â· @syariiiiffff @kikysaputrii and and @prabowo 2500 triliun duit semua, tapi memilih banding Divonis Bersalah atas Polusi Udara, Jokowi Banding, Anies Menerima 7 7 7",28-12-2023 17:51,0,0,0,https://x.com/Sigmahalim/status/1740324618085466260
SUHALIM,"SUHALIM SUHALIM @Sigmahalim Â· @makruf_hanafi @kikysaputrii and and @prabowo Jokowi juga gak diperiksa, anggaran yg dia kuasai 2500 triliun tapi memilih banding Divonis Bersalah atas Polusi Udara, Jokowi Banding, Anies Menerima 49 49 49",28-12-2023 17:50,0,0,0,https://x.com/Sigmahalim/status/1740324251239055827
SUHALIM,"SUHALIM SUHALIM @Sigmahalim Â· @Alie_Fahnoor @WisnuadiDibyo and 3 others Berapa anggaran  polusi  dr penguasa yg memilih banding drpd menuruti tuntutan warganya sendiri..? Divonis Bersalah atas Polusi Udara, Jokowi Banding, Anies Menerima 2 2 2",28-12-2023 17:45,0,0,0,https://x.com/Sigmahalim/status/1740323144500654470
NÃªy,"NÃªy NÃªy @heyneykuy Â· Sabun sampo pasta gigi juga bahan kimia?? Bjirr bau badan tuh  polusi udara  ya ngehe Wanita Tampan Wanita Tampan @MonaliissaMee Â· @salshaindr @salshaindr Kamu ngetawain mereka bau, mereka ngetawain kamu krn masih hobby pake deodoran yg mengandung bahan kimia setiap hari.

Most of them bkn ga kenal deodoran, tapi udah melek efek sampingnya. 82 82 82",28-12-2023 17:45,0,0,0,https://x.com/heyneykuy/status/1740323074795614714
SUHALIM,"SUHALIM SUHALIM @Sigmahalim Â· @jujunjunior @kikysaputrii and and @prabowo Kira kira berapa anggaran utk  polusi  dr penguasa 2500 triliun anggaran yg memilih banding drpd menuruti tuntutan warga..? Divonis Bersalah atas Polusi Udara, Jokowi Banding, Anies Menerima 1 1 1 1 1 1 191 191 191",28-12-2023 17:43,0,0,0,https://x.com/Sigmahalim/status/1740322543339446356
Amidis Indonesia,"Amidis Indonesia Amidis Indonesia @AmidisID Â· Gimana sih caranya Amidis mencegah  polusi udara  yang dapat masuk kedalam air minum? 

Slide ke kiri untuk mencari tahu proses apa yang dilakukan oleh Amidis untuk menghasilkan air terbaik untukmu ya! #RinganTanpaBeban #AmidisLife #BersamaAmidis #PilihAmidis 2 2 2 41 41 41",28-12-2023 17:22,0,0,0,https://x.com/AmidisID/status/1740317303596826962
Yang Kung,"Yang Kung Yang Kung @DjogdjaKembali Â· @KomunitasKretek Udah lama banget gak jalanÂ² sepanjang Malioboro... trauma bau pesing menyengat di sudut-sudut dinding/tembok yg gak terjangkau lampu penerangan...
Kenapa gak sekalian dibuat aturan ""Malioboro Bebas Asap Rokok""? Para pelancong pun punya hak menghirup  udara  segar tanpa  polusi ... 43 43 43",28-12-2023 16:48,0,0,0,https://x.com/DjogdjaKembali/status/1740308710512296007
ğ“‡¼,ğ“‡¼ ğ“‡¼ @cassestars Â· polusi udara  welcomes me back  75 75 75,28-12-2023 16:32,0,0,0,https://x.com/cassestars/status/1740304693958738155
Tolak Angin for Hanbin,"Tolak Angin for Hanbin Tolak Angin for Hanbin @rockmansick Â· Natural deo akehe ra umum mbak, jgan menormalisasi  polusi udara  to kak, kita smua punya hak yg sama buat hirup  udara  yg bersih mnimal g bau Wanita Tampan Wanita Tampan @MonaliissaMee Â· @salshaindr @salshaindr Kamu ngetawain mereka bau, mereka ngetawain kamu krn masih hobby pake deodoran yg mengandung bahan kimia setiap hari.

Most of them bkn ga kenal deodoran, tapi udah melek efek sampingnya. 1 1 1 251 251 251",28-12-2023 16:30,0,0,0,https://x.com/rockmansick/status/1740304196489068864
Ann || chibi comms open,Ann || chibi comms open Ann || chibi comms open @Nyennie_ Â· Ihh menarikk banget  kmrn bahas  polusi udara  skrg air minum. Apakah besok bakalan ttg sampah ya   karna kondisi sampah Indonesia tu udh memprihatinkan   tp klo mau benerin juga kompleks bgt karna byk bidang yg harus ikut 2 2 2 2 2 2 195 195 195,28-12-2023 16:26,0,0,0,https://x.com/Nyennie_/status/1740303297972703480
Katadata Green,"Katadata Green Katadata Green @Katadatagreen Â· Lapisan kabut asap beracun menyelimuti ibu kota Bangladesh, Dhaka, ketika indeks kualitas  udara  anjlok ke dalam kategori berbahaya.  https:// konomi-hijau/658d08acb2ca6/kabut-asap-polusi-musim-dingin-menyelimuti-dhaka-dan-new-delhi â€¦ 14 14 14",28-12-2023 16:11,0,0,0,https://x.com/Katadatagreen/status/1740299469663658453
Kompas Klasika,"Kompas Klasika Kompas Klasika @KompasKlasika Â· Cuaca dingin di ibu kota India dan di seluruh India utara kian mengganggu dengan tambahan  polusi udara  yang parah dalam beberapa hari terakhir. Akibatnya, layanan penerbangan dan  kereta api terganggu.  #Internasional #AdadiKompas kompas.id kompas.id Kabut Polusi Menyelimuti New Delhi dan Utara India Kabut Polusi Menyelimuti New Delhi dan Utara India Cuaca dingin di ibu kota India dan seluruh India utara kian mengganggu dengan tambahan polusi udara yang parah dalam beberapa hari terakhir. Akibatnya, layanan penerbangan dan kereta api terganggu. Cuaca dingin di ibu kota India dan seluruh India utara kian mengganggu dengan tambahan polusi udara yang parah dalam beberapa hari terakhir. Akibatnya, layanan penerbangan dan kereta api terganggu. 72 72 72",28-12-2023 15:49,0,0,0,https://x.com/KompasKlasika/status/1740293964064809201
_#Sâ€¢uâ€¢LÂ°UÂ°aâ€¢H_#,_#Sâ€¢uâ€¢LÂ°UÂ°aâ€¢H_# _#Sâ€¢uâ€¢LÂ°UÂ°aâ€¢H_# @SuluahM96150 Â· @bengkeldodo @florieliciouss and 7 others Emang ada ya Dana KHUSUS sebesar 80 T di  Gelontorkan Utk Ngatasi Polusi Udara di DKI.. Please Spil Bukti nya Donk.. Sekalian kalau Ada DUCUMENT NYA.. Soal Nya Entee Sangat PAHAM Ane Lihat.. 7 7 7,28-12-2023 15:43,0,0,0,https://x.com/SuluahM96150/status/1740292372347703612
saptahari.nad áŠ||áŠ DeSpeed áŠ||áŠ,"saptahari.nad áŠ||áŠ DeSpeed áŠ||áŠ saptahari.nad áŠ||áŠ DeSpeed áŠ||áŠ @saptahari Â· @kikysaputrii and and @prabowo Temanya seperti gambar di bawah, pertanyaannya tentang  polusi udara . silahkan berkomentar! 3 3 3 1 1 1 12 12 12 2.5K 2.5K 2.5K",28-12-2023 15:42,0,0,0,https://x.com/saptahari/status/1740292231473598635
Kompas Data,"Kompas Data Kompas Data @KompasData Â· Cuaca dingin di ibu kota India dan di seluruh India utara kian mengganggu dengan tambahan  polusi udara  yang parah dalam beberapa hari terakhir. Akibatnya, layanan penerbangan dan  kereta api terganggu.  #Internasional #AdadiKompas kompas.id kompas.id Kabut Polusi Menyelimuti New Delhi dan Utara India Kabut Polusi Menyelimuti New Delhi dan Utara India Cuaca dingin di ibu kota India dan seluruh India utara kian mengganggu dengan tambahan polusi udara yang parah dalam beberapa hari terakhir. Akibatnya, layanan penerbangan dan kereta api terganggu. Cuaca dingin di ibu kota India dan seluruh India utara kian mengganggu dengan tambahan polusi udara yang parah dalam beberapa hari terakhir. Akibatnya, layanan penerbangan dan kereta api terganggu. 75 75 75",28-12-2023 15:40,0,0,0,https://x.com/KompasData/status/1740291519502758063
Adline,"Adline Adline @miawmiawdear Â· @koffeetarian @enola_fille and and @txtdrimedia Tuberkulosis penyebabnya memang karena infeksi bakteri, tapi faktor risikonya banyak.  Polusi , asap rokok,  udara  yang lembab atau kotor, vape bisa jadi salah satu diantaranya. 1 1 1 48 48 48",28-12-2023 15:39,0,0,0,https://x.com/miawmiawdear/status/1740291493150306328
Harian Kompas,"Harian Kompas Harian Kompas @hariankompas Â· Cuaca dingin di ibu kota India dan di seluruh India utara kian mengganggu dengan tambahan  polusi udara  yang parah dalam beberapa hari terakhir. Akibatnya, layanan penerbangan dan  kereta api terganggu.  #Internasional #AdadiKompas kompas.id kompas.id Kabut Polusi Menyelimuti New Delhi dan Utara India Kabut Polusi Menyelimuti New Delhi dan Utara India Cuaca dingin di ibu kota India dan seluruh India utara kian mengganggu dengan tambahan polusi udara yang parah dalam beberapa hari terakhir. Akibatnya, layanan penerbangan dan kereta api terganggu. Cuaca dingin di ibu kota India dan seluruh India utara kian mengganggu dengan tambahan polusi udara yang parah dalam beberapa hari terakhir. Akibatnya, layanan penerbangan dan kereta api terganggu. 373 373 373",28-12-2023 15:36,0,0,0,https://x.com/hariankompas/status/1740290602984489022
detikHealth,"detikHealth detikHealth @detikHealth Â· #Foto  Pertengahan tahun 2023, sejumlah kota di Indonesia dilanda  polusi udara , termasuk Jakarta.  Polusi udara  di Jakarta bahkan menyebabkan meningkatnya kasus ISPA.  >>  https:// Foto: dok/detikcom #Polusi #Indonesia  #2023 402 402 402",28-12-2023 15:30,0,0,0,https://x.com/detikHealth/status/1740288981194182985
"Andril Anwar,","Andril Anwar, Andril Anwar , @titteril Â· @titteril and and @DrEvaChaniago 2/2
pembangkit listrik dg mnggunakan bhn bakar fosil, spt: batubara, BBM, dll.
Mk fokus pengendalian pd pnyebab, yaitu bhn bakar fosil shg gas carbon yg keluar di cerobong asap yg meng akibat  polusi udara .
Action: Ganti bhn bakar. (to effect reduction). Finish and zero effect. 2 2 2 2 2 2 202 202 202",28-12-2023 15:26,0,0,0,https://x.com/titteril/status/1740288099341709735
"Andril Anwar,","Andril Anwar, Andril Anwar , @titteril Â· @DrEvaChaniago 1/2
Benar, Bondan Andriyanu (Greenpeace).â°
Utk pengendalian suatu proses, maka minimal digunakan suatu analisis sebab-akibat (cause effect analisys).
Kendalikan aliran rangkaian proses dari titik start/pangkal s/d titik selesai. Polusi udara  krn asap dr crobong industri atau - 1 1 1 2 2 2 4 4 4 365 365 365",28-12-2023 15:22,0,0,0,https://x.com/titteril/status/1740286987234619773
Antara Bengkulu,"Antara Bengkulu Antara Bengkulu @ANTARABengkulu Â· DLH Kabupaten Mukomuko, Provinsi Bengkulu, menyebutkan bahwa pembakaran tandan kosong sawit secara ilegal yang dilakukan oleh masyarakat di wilayah Kecamatan Lubuk Pinang menjadi salah satu faktor pemicu  polusi udara  di wilayah tersebut. https:// dlh-mukomuko-sebut-pembakaran-tandan-sawit-picu-polusi-udara â€¦ 21 21 21",28-12-2023 15:13,0,0,0,https://x.com/ANTARABengkulu/status/1740284891907194975
ANTARA Business News,ANTARA Business News ANTARA Business News @antarabiz Â· Startup teknologi binaan Kemenperin jadi solusi kurangi  polusi udara http:// 8 8 8,28-12-2023 15:08,0,0,0,https://x.com/antarabiz/status/1740283508206256440
wul,"wul wul @wull82960048 Â· @collegemenfess baca baca skripsi di gugel, awal stor judul kata dosenku cari ARKL  udara  aja. trus ku cari di gugel  polusi udara .  as dapet langsung bimbingan judul... acc revisi dikit aja, trus langsung di suru susun bab 1-3 bjir 67 67 67",28-12-2023 15:04,0,0,0,https://x.com/wull82960048/status/1740282603704598913
Initial J SparkChain.AI,"Initial J SparkChain.AI Initial J SparkChain.AI @jujunjunior Â· @kikysaputrii and and @prabowo Kayaknya anak sekolah jg paham maksud pertanyaan anggaran 80T u/ Jakarta ini apa.

Anggaran 80T, moso ga ada anggaran untuk menanggulangi  polusi udara  jakarta.
Kalo pun ada, ya duitnya berapa % dari anggaran 80T dan dpake u/ apa uang itu untuk menanggulangi  polusi ?
Gitu kali ya? 8 8 8 11 11 11 8.8K 8.8K 8.8K",28-12-2023 14:57,0,0,0,https://x.com/jujunjunior/status/1740280692360307001
@indrasyzea,"@indrasyzea @indrasyzea @ISyzea Â· @agrisnamulya @DaniDsartika778 and 9 others Hahaha
APBD DKI 80T itu bukan khusus penanganan  polusi Yg dimaksud angin tidak ber KTP itu artinya angin tersebut bebas kemanaâ€
Contoh kongkrit ya
K.Lumpur dan Singapura diselimuti  polusi udara  yg berasal dari pembakaran Hutan
Apakah Singapura ada pembakaran hutan?
Ko bego ya 2 2 2 20 20 20",28-12-2023 14:55,0,0,0,https://x.com/ISyzea/status/1740280179275231472
,"@vangdele Â· @cryanthemovn_ PANAS BGT BEB SUMPAH menurutku melebihi jakarta T____T cuman gak  polusi  ya, tapi panas dan udaranya tuh HANGAT tanpa angin gt loh paham gaksi  udara  yg gak enak sksksjdksjkdj 31 31 31",28-12-2023 14:45,0,0,0,https://x.com/vangdele/status/1740277666400604440
nalarudi,nalarudi nalarudi @rudyjatmiko Â· @bengkeldodo @florieliciouss and 7 others Belajar dulu dari sumber ini.. komennya biar lebih pas..  https:// n-pengendalian-polusi-udara-era-gubernur-anies-baswedan â€¦ 4 4 4,28-12-2023 14:44,0,0,0,https://x.com/rudyjatmiko/status/1740277444643598486
ismi ğ™šË™â‹†.Ëš á¡£ğ­©,"ismi ğ™šË™â‹†.Ëš á¡£ğ­© ismi ğ™šË™â‹†.Ëš á¡£ğ­© @glowinbeautyy Â· Ini yg bner menurutku.
Lagian, mobil itu investasi kok.
Salah satunya investasi paru2.
Apa ga kasian tiap naik motor anaknya kena  polusi udara  yg gila2an? Huhu cmiiw yahhh maaf kalo salah https:// /ahmedmaulanaa/status/1740190929888387330 â€¦ This post is unavailable. 1 1 1 306 306 306",28-12-2023 14:32,0,0,0,https://x.com/glowinbeautyy/status/1740274618269909189
trabasss,"trabasss trabasss @mikcucu22 Â· @kikysaputrii and and @prabowo Knp gak sekalian ditanya gini ky,kenapa kalo riau kebakaran hutan malaysia ama singapura protes ke indonesia? berarti mereka gak mampu mengatasi  polusi udara  dnk.. 1 1 1 699 699 699",28-12-2023 14:08,0,0,0,https://x.com/mikcucu22/status/1740268399073320992
tempo.co,tempo.co tempo.co @tempodotco Â· Polusi udara Polusi  visual  #TempoFoto 180 180 180 2.3K 2.3K 2.3K 5.1K 5.1K 5.1K 200K 200K 200K,28-12-2023 14:01,0,0,0,https://x.com/tempodotco/status/1740266589512208602
Tolak Angin for Hanbin,Tolak Angin for Hanbin Tolak Angin for Hanbin @rockmansick Â· @kikastaga Betul ken keringat itu mkanan si bakteri jd bau ketek tu kek apa ya eeknya bakteri ?! Wkwkwkwk intinya keringat berlebih ktambahan bakteri hasilnya jd  polu si udara  184 184 184,28-12-2023 12:47,0,0,0,https://x.com/rockmansick/status/1740248204124586101
Muhammad Irham Syarif,Muhammad Irham Syarif Muhammad Irham Syarif @irhamsyarif Â· @irhamsyarif Silakan yang ingin baca penuh di sini  https:// aran-80t-dki-jakarta-hanya-untuk-atasi-polusi/ â€¦ Sumber: https:// https:// n-pengendalian-polusi-udara-era-gubernur-anies-baswedan â€¦ fitnahlagi.com fitnahlagi.com Fitnahlagi.com Fitnahlagi.com 3 3 3 930 930 930,28-12-2023 10:44,0,0,0,https://x.com/irhamsyarif/status/1740217188756435197
Bisnis.com,Bisnis.com Bisnis.com @Bisniscom Â· Bahaya!  Polusi Udara  Selimuti Dhaka dan New Delhi  https:// 19/1727767/bahaya-polusi-udara-selimuti-dhaka-dan-new-delhi?utm_source=dlvr.it&utm_medium=twitter â€¦ 240 240 240,28-12-2023 10:36,0,0,0,https://x.com/Bisniscom/status/1740215135283912765
Nadine Halimah,"Nadine Halimah Nadine Halimah @nadine_halimah Â· @valenlinntyzz55 Jakarta sebagai ibu kota Indonesia telah mengalami banyak masalah, seperti macet, banjir, dan  polusi udara  yang serius 44 44 44",28-12-2023 10:14,0,0,0,https://x.com/nadine_halimah/status/1740209605798756392
nafas indonesia,"nafas indonesia nafas indonesia @nafasidn Â· @nafasidn Lindungi paparan  polusi  tinggi.

Pantau kualitas  udara  secara rutin pakai aplikasi nafas! https:// 235 235 235",28-12-2023 10:09,0,0,0,https://x.com/nafasidn/status/1740208367015182799
Tolak Angin for Hanbin,"Tolak Angin for Hanbin Tolak Angin for Hanbin @rockmansick Â· @hongsamcrew Buat yg merasa aja ya, klean tu  polusi udara  please sadar  1 1 1 261 261 261",28-12-2023 10:00,0,0,0,https://x.com/rockmansick/status/1740206027092725898
Elisa,"Elisa Elisa @elisa_jkt Â· Tidak ada. 

Bahkan anda gabungkan 5 tahun PSU utk 3 BUMD transportasi Jakarta tidak mencapai 30% dr 80T. 

80T utk  polusi udara  adalah disinformasi, dan stop di anda. edy kiantolol edy kiantolol @EdyKiantolol Â· @elisa_jkt @elisa_jkt mungkin maksudnya 80T selama 5 tahun ci? 8 8 8 79 79 79 352 352 352 15K 15K 15K",28-12-2023 09:36,0,0,0,https://x.com/elisa_jkt/status/1740199894881874270
iinatthala,iinatthala iinatthala @putraaudi21 Â· @bengkeldodo @florieliciouss and 7 others APBD DKI berapa duit pak? Keren banget klo utk penanganan  polusi  dan pencemaran  udara  sampai menghabiskan APBD? Tolong kasih pencerahan uang  80T itu uang dari mana? 1 1 1 25 25 25,28-12-2023 09:26,0,0,0,https://x.com/putraaudi21/status/1740197532163301414
DataIndonesia.ID,DataIndonesia.ID DataIndonesia.ID @DataindonesiaId Â· Tingkat  Polusi Udara  Jakarta Pagi Ini (28 Desember 2023)  https:// ingkat-polusi-udara-jakarta-pagi-ini-28-desember-2023 â€¦ 39 39 39,28-12-2023 09:11,0,0,0,https://x.com/DataindonesiaId/status/1740193671633571989
great_white_fleet,"great_white_fleet great_white_fleet @great_fleet Â· Parody account @aetheraz kondisi  udara , air, atau  polusi  mungkin 111 111 111",28-12-2023 08:59,0,0,0,https://x.com/great_fleet/status/1740190659028656298
Joni,"Joni Joni @Joni05715965 Â· @kompascom Prioritasnya adalah ngasih hibah ke ormas gak jelas, bangun JPO, tugu, ngecat genteng, ngasih KTP pada  polusi udara ...pengendalian hujan, memarkirkan air.. 18 18 18",28-12-2023 08:21,0,0,0,https://x.com/Joni05715965/status/1740181262026047750
,@mooniyy Â· @TabibKerajaan @TabibKerajaan Lama lama kdu beli oksigen juga karena  udara  dah kotor  polusi 1 1 1 1 1 1 6 6 6 1.2K 1.2K 1.2K,28-12-2023 08:04,0,0,0,https://x.com/mooniyy/status/1740176968518386035
polsek padang hulu,polsek padang hulu polsek padang hulu @HuluPadang Â· Bhabinkamtibmas  Polsek Padang Hulu menghimbau warga  agar tidak melakukan pembakaran sampah untuk mencegah terjadinya kebakaran Lahan dan  Polusi Udara 23 23 23,28-12-2023 08:02,0,0,0,https://x.com/HuluPadang/status/1740176461619982419
Nala,Nala Nala @Authentyic Â· @isagiwifee Asliii mana baunya nempel di baju bikin  pol usi udara  1 1 1 13 13 13,28-12-2023 07:59,0,0,0,https://x.com/Authentyic/status/1740175617424064884
IDN MONITOR,IDN MONITOR IDN MONITOR @IDNMON Â·   Kualitas  udara  Jakarta saat ini mengkhawatirkan dengan Indeks Kualitas  Udara  (IKU) mencapai angka 137! Tingkat  polusi  yang tinggi menimbulkan dampak negatif bagi kesehatan kita. #UdaraBersihJakarta #IKU137 #KesehatanPrioritas 24 24 24,28-12-2023 07:34,0,0,0,https://x.com/IDNMON/status/1740169243025723712
IDN MONITOR,IDN MONITOR IDN MONITOR @IDNMON Â·   Kualitas  udara  Ungaran saat ini menjadi perhatian serius dengan Indeks Kualitas  Udara  (IKU) mencapai angka 129! Tingkat  polusi  yang tinggi menunjukkan tantangan yang harus segera diatasi. #UdaraBersihUngaran #IKU129 #AksiUntukUdaraBersih 15 15 15,28-12-2023 07:34,0,0,0,https://x.com/IDNMON/status/1740169241394090048
Ø¬ÙˆØ³ Ø³ÙƒÙˆØ¯ Ø§Ù„Ù‚Ø°Ø§ÙÙŠ,Ø¬ÙˆØ³ Ø³ÙƒÙˆØ¯ Ø§Ù„Ù‚Ø°Ø§ÙÙŠ Ø¬ÙˆØ³ Ø³ÙƒÙˆØ¯ Ø§Ù„Ù‚Ø°Ø§ÙÙŠ @Joss_ScudQ Â· @arievrahman and and @whatravel Alesan pengen ke Korut adalah. Ngrasain  udara  yang bebas  polusi . Bener ya mas??? 6 6 6,28-12-2023 07:11,0,0,0,https://x.com/Joss_ScudQ/status/1740163453334241539
yntkts,"yntkts yntkts @terlihatutuh Â· @worksfess Aduh nder bener bgt woilah, sama nder aku juga mau jadi petani. Hidup di desa dengam  udara  yg masih segar, jauh dari kata  polusi , tiap pagi liat gunung, bisa main ke curug atau sungai"" gitu. GILA IMPIAN MENUA HIDUP DI DESA  113 113 113",28-12-2023 06:24,0,0,0,https://x.com/terlihatutuh/status/1740151619881513370
Alphonsus Rodriguez Ivan Setyawan,"Alphonsus Rodriguez Ivan Setyawan Alphonsus Rodriguez Ivan Setyawan @anti_tesis Â· @txtdrimedia Vape ama rokok dilarang padahal: Polusi udara  makin g ngotak
Terorisme lingkungan udah g malu2 lagi
Tiap taun lingkungan dihancurkan dgn dalih 'kebaikan bersama' & mrk jg di saat yg sama mengorbankan masa depan generasi muda. Merampas hak mrk atas  udara  bersih dan hidup layak. 1 1 1 2 2 2 100 100 100",28-12-2023 06:11,0,0,0,https://x.com/anti_tesis/status/1740148303374016538
Yudistira Sanjaya,"Yudistira Sanjaya Yudistira Sanjaya @Yura_sanjaya Â· @LesmanaAli92743 @IndraShazaa and 9 others wah pasti gak ngikutin pak anis nih, 
kemarin after debat dah di jelasin, faktor  polusi udara  salah satunya diluar jakarta yang terbawa angin, ada videonya juga loh

juga udah di info, kalau salahsatu antisipasinya adalah transportasi umum berbasis listrik 1 1 1 110 110 110",28-12-2023 05:51,0,0,0,https://x.com/Yura_sanjaya/status/1740143463361085741
Hazel,Hazel Hazel @Haye_SMESME Â· @jogmfs Gak. Gak akan gue terima segala bentuk  polusi udara  kecuali asap sate. 30 30 30,28-12-2023 05:50,0,0,0,https://x.com/Haye_SMESME/status/1740143118534770878
Arisno Journey,"Arisno Journey Arisno Journey @amang_iram Â· @bengkeldodo @florieliciouss and 7 others Karena mental yang terkena polusi, bukan udara. Jadi biaya rehabilitasinya mahal  9 9 9",28-12-2023 02:48,0,0,0,https://x.com/amang_iram/status/1740097307348177198
Autumnwolf,"Autumnwolf Autumnwolf @Autumnwolf04 Â· tempat terbaik adalah tinggal di pedesaan yang jauh dari kota keramaian.hiruk pikuk perkotaan  polusi  , udara  sejuk dan dingin matahari yang bersahabat, malam hari yang jelas jauh dari  polusi  cahaya supaya bisa keliatan bulan dan bintang 20 20 20",28-12-2023 02:27,0,0,0,https://x.com/Autumnwolf04/status/1740092000421241056
Kaul Pasaribu.,"Kaul Pasaribu. Kaul Pasaribu. @kaulpasaribu Â· @kaulpasaribu @Tita83079013 and 4 others Menyelesaikan  Polusi udara  di indonesia ? 

Mengurangi jlh penduduk .

Kami umat Kekristenan migran aja . 
Lalu Palestina msk ke Indonesia . 3 3 3 43 43 43",28-12-2023 01:21,0,0,0,https://x.com/kaulpasaribu/status/1740075532493217941
24Hour Indonesia,"24Hour Indonesia 24Hour Indonesia @24hourindonesia Â· Polusi udara  meningkat, India terapkan sejumlah pembatasan - ANTARA News  https:// eningkat-india-terapkan-sejumlah-pembatasan-antara-news/ â€¦ 7 7 7",28-12-2023 00:56,0,0,0,https://x.com/24hourindonesia/status/1740069250314961091
tolak_IKN,"tolak_IKN tolak_IKN @76_nmlsga Â· @javane_center and and @elisa_jkt Yeap, malah Jokowi yg minta banding, Alasan Jokowi Banding Atas Vonis Bersalah soal Polusi Udara 1 1 1 5 5 5 860 860 860",28-12-2023 00:25,0,0,0,https://x.com/76_nmlsga/status/1740061290243248347
kamisama,kamisama kamisama @noumenonlast Â· polusi udara  lebih membunuh mu. 11 11 11,27-12-2023 23:26,0,0,0,https://x.com/noumenonlast/status/1740046384060125350
ğ˜ğ—µğ—² ğ—¹ğ—®ğ˜€ğ˜ ğ—±ğ—¼ğ—±ğ—¼ ğŸ†‡,"ğ˜ğ—µğ—² ğ—¹ğ—®ğ˜€ğ˜ ğ—±ğ—¼ğ—±ğ—¼ ğŸ†‡ ğ˜ğ—µğ—² ğ—¹ğ—®ğ˜€ğ˜ ğ—±ğ—¼ğ—±ğ—¼ ğŸ†‡ @bengkeldodo Â· @Abahpurwa1 @florieliciouss and 7 others Oh itu jelas.. Tapi dengan 80T setahun masih salahin angin 

Kan bisa pasang alat pemersih  udara  atau pasang di bus biar sambil jalan sambil bersihin  polusi 33 33 33 2 2 2 2 2 2 11K 11K 11K",27-12-2023 22:51,0,0,0,https://x.com/bengkeldodo/status/1740037743969959979
kusumaa,"kusumaa kusumaa @kenarrox Â· Megacity. Dulu setelah ngurusin kampanye  polusi udara  kemudian belajar masalah2 urban, mulai mobilitas, hingga sampah. Serunya belajar hal baru, banyak pengetahuan/isu yang dulu terlihat terpisah ternyata saling terkait. non aesthetic things non aesthetic things @PicturesFoIder Â· The largest and the most populated city on earth, Tokyo, Japan 1 1 1 1 1 1 4 4 4 217 217 217",27-12-2023 22:21,0,0,0,https://x.com/kenarrox/status/1740030068016165105
Salvinus David,"Salvinus David Salvinus David @9575461f5e2c42e Â· @NenkMonica Susah kalau tidak mampu memakai otak, untuk berpikir. Angin itu membawa mempengaruhi  polusi udara . 113 113 113",27-12-2023 20:58,0,0,0,https://x.com/9575461f5e2c42e/status/1740009220161040649
bee,"bee bee @hi_berlian Â· @shitlicious padahal cuma nambah2in  polusi ,  udara  dan suara. blm lagi yang buang sampah sembarangan 107 107 107",27-12-2023 20:15,0,0,0,https://x.com/hi_berlian/status/1739998398374379566
Reza,"Reza Reza @rezakrisna28 Â· @bliblidotcom Swiss
Biar tenang liburan dan hirup  udara  juga nyaman gk  ada polusi  8 8 8",27-12-2023 20:03,0,0,0,https://x.com/rezakrisna28/status/1739995301598158876
ã‚¦ã‚£ã‚¢ãƒ³,"ã‚¦ã‚£ã‚¢ãƒ³ ã‚¦ã‚£ã‚¢ãƒ³ @beesamemuchow Â· @BosPurwa @prabowo and and @Gerindra untuk buktiin anies pernah salah dan dia nerima itu pas koalisi warga jakarta menang sidang  polusi udara , semua tergugat ngajuin banding kecuali gubernur dki, dia nerima kalo  polusi udara  dki emang buruk dan dia mau melakukan perbaikan 6 6 6 713 713 713",27-12-2023 19:50,0,0,0,https://x.com/beesamemuchow/status/1739992023523041560
Ann,Ann Ann @annisawidi Â· Hooh bener. Ruang merokok kok terbuka?  Polusi udara !!!! 6 6 6 199 199 199 11K 11K 11K,27-12-2023 19:35,0,0,0,https://x.com/annisawidi/status/1739988346137690212
VivaCoid,"VivaCoid VivaCoid @VIVAcoid Â· Bantu Tekan  Polusi Udara , Startup Binaan Kemenperin Ini Daur Ulang Karbon Dioksida viva.co.id viva.co.id Bantu Tekan Polusi Udara, Startup Binaan Kemenperin Ini Daur Ulang Karbon Dioksida Bantu Tekan Polusi Udara, Startup Binaan Kemenperin Ini Daur Ulang Karbon Dioksida Salah satu hasil binaan Kemenperin yakni CV Ekologi Data Integra (Databiota) yang merupakan biotechnology dan deep tech company jebolan Startup4Industry. Salah satu hasil binaan Kemenperin yakni CV Ekologi Data Integra (Databiota) yang merupakan biotechnology dan deep tech company jebolan Startup4Industry. 1 1 1 693 693 693",27-12-2023 19:34,0,0,0,https://x.com/VIVAcoid/status/1739988041807360017
Metrosulteng.com,"Metrosulteng.com Metrosulteng.com @ComMetrosulteng Â· Polusi Udara  Menyebabkan Risiko Penyakit Parkinson 56 Persen Lebih Tinggi, Menurut Study  https:// 0705156/polusi-udara-menyebabkan-risiko-penyakit-parkinson-56-persen-lebih-tinggi-menurut-study â€¦ 13 13 13",01-11-2023 06:44,0,0,0,https://x.com/ComMetrosulteng/status/1719500525262295310
chry,chry chry @yo0ngimania Â· @ohmybeautybank tidak henti hentinya bilang pake xixiu (real menerjang  polusi udara  setiap hari) 1 1 1 367 367 367,01-11-2023 06:05,0,0,0,https://x.com/yo0ngimania/status/1719490906880094224
Ibnu Chun'ke,Ibnu Chun'ke Ibnu Chun'ke @ibnuchunke Â· Para Antek Corporation dari politikus sampai jajaran Menteri koar2 mau menyelamatkan dunia dengan kendaraan listrik yg nantinya limbah Baterai paling beracun bakal jadi masalah baru ...dan padahal Seluruh BUMI juga tahu penyebab utama  polusi udara  asap pabrik 1 1 1 2 2 2 121 121 121,01-11-2023 00:50,0,0,0,https://x.com/ibnuchunke/status/1719411639613837776
IDN MONITOR,"IDN MONITOR IDN MONITOR @IDNMON Â·   Kualitas  udara  Medan sedang dalam kondisi kritis dengan Indeks Kualitas  Udara  (IKU) mencapai angka 168.  Polusi udara  tidak hanya mengancam kesehatan kita, tetapi juga keberlanjutan lingkungan. #UdaraBersihMedan #IKU168 #KrisisLingkungan 14 14 14",01-11-2023 00:38,0,0,0,https://x.com/IDNMON/status/1719408566094954911
Piotr Jakubowski,"Piotr Jakubowski Piotr Jakubowski @piotrj Â· Beberapa Visi-Misi capres highlight strategi untuk mengatasi stunting dengan menambahkan gizi. 

Tahu gak Polusi udara  memang berdampak kepada stunting juga, dan ada riset dari Indonesia!

Silahkan baca disini: earlychildhoodmatters.online earlychildhoodmatters.online Air pollution and stunting: evidence from Indonesia - Early Childhood Matters Air pollution and stunting: evidence from Indonesia - Early Childhood Matters Indonesiaâ€™s Ministry of Health estimates that stunting affects 32% of the countryâ€™s children under the age of 5. Recent research by Vital Strategies reinforces the evidence that air pollution... Indonesiaâ€™s Ministry of Health estimates that stunting affects 32% of the countryâ€™s children under the age of 5. Recent research by Vital Strategies reinforces the evidence that air pollution... 1 1 1 1 1 1 4 4 4 969 969 969",01-11-2023 00:03,0,0,0,https://x.com/piotrj/status/1719399633334751563
Dosma Pandapotan SH MH,Dosma Pandapotan SH MH Dosma Pandapotan SH MH @dosma_ps Â· @tokopedia Lagi butuh stok masker baru min. Tetap pakai masker biasakan prokes kemana-mana utamanya saat aku berkendara naik motor biar tetap aman dari debu juga  polusi udara . Karena stok masker lama sudah habis jadinya aku mau checkout ini Minto  #SaldoKaget #TokopediaGarage 37 37 37,31-10-2023 23:02,0,0,0,https://x.com/dosma_ps/status/1719384447882236114
YongBbokAri,"YongBbokAri YongBbokAri @raincloudy Â· @raincloudy Kulit sensitif merupakan tipe kulit yang rentan mengeluarkan reaksi berlebih saat terpapar zat tertentu. Zat-zat yang sering kali menjadi pemicu iritasi pada tipe kulit sensitif adalah paparan sinar matahari, suhu  udara  yang ekstrem,  polusi , serta produk kosmetik. 1 1 1 1 1 1 756 756 756",31-10-2023 21:47,0,0,0,https://x.com/raincloudy/status/1719365495911223710
á´…á´‡É´Éªs,"á´…á´‡É´Éªs á´…á´‡É´Éªs @denistwitt3r Â· @pupuk_indonesia Semoga dengan program ini,  polusi udara  bisa teratasi  1 1 1 15 15 15",31-10-2023 21:31,0,0,0,https://x.com/denistwitt3r/status/1719361368091156770
Piotr Jakubowski,"Piotr Jakubowski Piotr Jakubowski @piotrj Â· Pakistan ada masalah  polusi udara  jugaâ€¦ Hassan Aftab Hassan Aftab @hassanaftabs Â· This is stupid. There is enough evidence on what
1) causes air pollution 
2) measures can reduce its ambient concentration

Sprinkler emulating 'rain' for the road dust to settle is NOT going to help

Instead have tougher emissions targets on 
1) cars
2) solid fuel
3)industry x.com/McLahore/statuâ€¦ 4 4 4 1.6K 1.6K 1.6K",31-10-2023 21:27,0,0,0,https://x.com/piotrj/status/1719360353195483394
Katadata Green,Katadata Green Katadata Green @Katadatagreen Â· Kualitas  udara  Jakarta masih buruk meskipun pemerintah sudah melakukan sejumlah upaya untuk menekan  polusi . https:// ekonomi-hijau/653f7e0aa46e5/guru-besar-ipb-ungkap-biang-keladi-kualitas-udara-jakarta-masih-buruk â€¦ 1 1 1 1 1 1 2.1K 2.1K 2.1K,31-10-2023 20:53,0,0,0,https://x.com/Katadatagreen/status/1719351834924761488
