id,username,tweet,text_clean,waktu,tweet_link
1,Rava Mecca,"Rava Mecca Rava Mecca @rmecca_ Â· @rmecca_ Sebagai makhluk kecil, capung juga menghadapi banyak tantangan:

-Kehilangan habitat akibat urbanisasi.
- Pencemaran air , karena capung membutuhkan lingkungan  air  bersih untuk bertelur.
-Perubahan iklim yang mengganggu siklus hidup mereka.

Mari lindungi mereka dengan menjaga Show more 1 1 1 25 25 25",rava mecca rava mecca  makhluk capung hadap tantang hilang habitat akibat urbanisasi cemar air capung butuh lingkung air bersih telur ubah iklim ganggu siklus hidup mari lindung jaga show more,01-01-2025 06:06,https://x.com/rmecca_/status/1874230586090648046
3,Zurrr,"Zurrr Zurrr @riadizur Â· Di daerahku di Sumatera, perkebunan Kelapa Sawit dan industri Kelapa Sawit adalah penyebab utama berbagai masalah : kekeringan,  pencemaran air  dan udara, degradasi lahan pertanian dan kualitas tanah, kelangkaan habitat hewan dan tumbuhan, serta perubahan suhu dan iklim daerah. Jejak digital. Jejak digital. @ARSIPAJA Â· Prabowo:
""Saya kira ke depan kita juga harus tambah tanam kelapa sawit, nggak usah takut apa itu namanya membahayakan, deforestation.
Namanya kelapa sawit ya pohon, ya kan? Benar nggak? Kelapa sawit itu pohon, ada daunnya kan?""   x.com/kompascom/statâ€¦ 1 1 1 108 108 108",zurrr zurrr  daerah sumatera kebun kelapa sawit industri kelapa sawit sebab utama kering cemar air udara degradasi lahan tani kualitas tanah langka habitat hewan tumbuh ubah suhu iklim daerah jejak digital jejak digital  prabowo tanam kelapa sawit nggak takut nama bahaya deforestation nama kelapa sawit ya pohon ya nggak kelapa sawit pohon daun xcomkompascomstat,31-12-2024 13:27,https://x.com/riadizur/status/1873979149263704403
5,Toni,"Toni Toni @inotkurniawan Â· @ARSIPAJA Iya sawit itu pohon. Tapi yg namanya hutan itu pohonnya macem2 dan ga homogen. Sawit lebih cocok disebut kebun. Belum lagi dampak2 negatifnya seperti  pencemaran air , erosi, penurunan unsur hara & penurunan kualitas tanah dalam jangka panjang. Presiden kok kosong  1 1 1 1 1 1 4 4 4 1.1K 1.1K 1.1K",ton ton  iya sawit pohon yg nama hutan pohon macem ga homogen sawit cocok kebun dampak negatif cemar air erosi turun unsur hara turun kualitas tanah jangka presiden kosong k k k,31-12-2024 12:14,https://x.com/inotkurniawan/status/1873960895543685429
6,Gudangberita.co.id,Gudangberita.co.id Gudangberita.co.id @gudangberita2 Â· Pencemaran Air  Bersih di Batam: Hendra Asman Tegaskan Kelalaian Fatal BU SPAM dan PT ABH Pencemaran Air Bersih di Batam: Hendra Asman Tegaskan Kelalaian Fatal BU SPAM dan PT ABH - Gudang... 36 36 36,gudangberitacoid gudangberitacoid  cemar air bersih batam hendra asman tegas lalai fatal bu spam pt abh cemar air bersih batam hendra asman tegas lalai fatal bu spam pt abh gudang,28-12-2024 20:34,https://x.com/gudangberita2/status/1872999525138530316
10,memeng 2,"memeng 2 memeng 2 @DambaanA Â· @DambaanA pendekatan Rasulullah, dan mengerjakan proyek mandiri, karena kita berada di ambang keruntuhan ekonomi, inflasi, epidem,  pencemaran air , makanan, perang, perang bilogis, gempa bumi, gunung berapi, banjir, untuk mengatasinya, dengan izin Allah, di negara negara kita terutama timur 1 1 1 3 3 3 134 134 134",memeng memeng  dekat rasulullah proyek mandiri ambang runtuh ekonomi inflasi epidem cemar air makan perang perang bilogis gempa bumi gunung rap banjir atas izin allah negara negara timur,27-12-2024 03:23,https://x.com/DambaanA/status/1872377632727466026
12,Wity Aryani,"Wity Aryani Wity Aryani @WityAryani Â· @WityAryani seperti proyek Rempang Eco-City, konflik Wadas,  pencemaran air  karena PSN smelter nikel, dan lainnya. Inilah konsekuensi logis dari penerapan sistem sekuler kapitalisme yang melahirkan kebijakan populis otoriter. #ButuhKepemimpinanIslam #Khilafah 27 27 27",wity aryani wity aryani  proyek rempang ecocity konflik wadas cemar air psn smelter nikel konsekuensi logis terap sistem sekuler kapitalisme lahir bijak populis otoriter,26-12-2024 18:32,https://x.com/WityAryani/status/1872244079872073837
15,Lu Â·á´—Â·,"Lu Â·á´—Â· Lu Â·á´—Â· @_nichtglauben Â· pencemaran  NaOH yang kita semua lihat~ let's see ke depannya seperti apa. siap-siap aja sih  pencemaran air , udara, tanah. belom lagi pengeroposan struktur yuhu seru sekali! bayangin zatnya menyerap ke dalam tanah aja dulu, diserap tanaman, trus dimakan binatang, kita makan. Radio PRFM Radio PRFM @PRFMnews Â· 10.45 RT  @usabperning_ @usabperning_ Untuk kendaraan yg menuju jalur Padalarang-cikalong atau sebaliknya   

Silahkan cari alternatif  

Ada truk muatan bahan kimia jenis remover jebol di area sepanjang cikamuning-warungdomba  

Korban kendaraan sudah banyak  Harap hatiÂ² 1 1 1 97 97 97",lu  lu  nichtglauben  cemar naoh lihat lets see depan siapsiap aja sih cemar air udara tanah bom keropos struktur yuhu seru bayangin zat serap tanah aja serap tanam trus makan binatang makan radio prfm radio prfm  kendara yg jalur padalarangcikalong silah cari alternatif truk muat bahan kimia jenis remover jebol area cikamuningwarungdomba korban kendara harap hati,26-12-2024 01:00,https://x.com/_nichtglauben/status/1871979458024067401
21,Cince,Cince Cince @menumpahkan Â· Parody account @menumpahkan trus ada dinas lingkungan yg dtg dalam 1x24 jam ke tkp. besoknya ada tes  pencemaran air  dan tanah. 12 12 12,cince cince  parody account trus dinas lingkung yg dtg x jam tkp besok tes cemar air tanah,25-12-2024 01:58,https://x.com/menumpahkan/status/1871631460077330730
24,ester,"ester ester @mujaerterbang Â· @humaniesproject Tercemar tentu aja, bahaya buat ekosistem, bahaya buat warga sekitar,  pencemaran air  juga 1.2K 1.2K 1.2K",ester ester  cemar aja bahaya ekosistem bahaya warga cemar air k k k,24-12-2024 21:59,https://x.com/mujaerterbang/status/1871571516531564802
25,nay,"nay nay @nailaasey Â· @fuadarmzl and and @tilehopper Pencemaran air  kalo smpe kebawa ke sungai, kali dll itu 20 ton loh   terus korosif 2K 2K 2K",nay nay  and and cemar air kalo smpe bawa sungai kali dll ton loh korosif k k k,24-12-2024 21:39,https://x.com/nailaasey/status/1871566250650038600
27,lianâ¶Â¹,lianâ¶Â¹ lianâ¶Â¹ @nominousIly Â· @tilehopper anjir serem banget  pencemaran air 620 620 620,lian lian  anjir rem banget cemar air,24-12-2024 20:09,https://x.com/nominousIly/status/1871543736616030501
28,lianâ¶Â¹,"lianâ¶Â¹ lianâ¶Â¹ @nominousIly Â· @convomf ini kalopun dibersiin sm damkar airnya ngalir ke got,  pencemaran air , gimana kalo keminum warga 1 1 1 4.2K 4.2K 4.2K",lian lian  kalo dibersiin sm damkar air ngalir got cemar air gimana kalo minum warga k k k,24-12-2024 20:04,https://x.com/nominousIly/status/1871542365208654188
33,dipta but have mie ayam on the pocket & still warm,"dipta but have mie ayam on the pocket & still warm dipta but have mie ayam on the pocket & still warm @Aquavo_ Â· Karena  pencemaran air  sama dimakan ikan-ikan kek ikan sapu-sapu kah? Makanya ekosistemnya gak jalan Daf - Kang Cerita, Kang Gambar Daf - Kang Cerita, Kang Gambar @pergijauhkealam Â· Pagi ini tiba-tiba bersedih karena keinget berita: 1 1 1 1 1 1 47 47 47",dipta but have mie ayam on the pocket still warm dipta but have mie ayam on the pocket still warm  cemar air makan ikanikan kek ikan sapusapu kah ekosistem gak jalan daf kang cerita kang gambar daf kang cerita kang gambar  pagi tibatiba sedih keinget berita,24-12-2024 11:13,https://x.com/Aquavo_/status/1871408906309964141
34,S,S S @esrotonin Â· Parody account @DieceSunoo setiap harii tuu apa gakk boros bang?  pencemaran air  jugaakk tau bang 10 10 10,s s  parody account hari tuu gakk boros bang cemar air jugaakk tau bang,24-12-2024 09:24,https://x.com/esrotonin/status/1871381464715276726
35,í˜ë¦¬ ì•ˆë”• ë¦¬ì•„ë””,í˜ë¦¬ ì•ˆë”• ë¦¬ì•„ë”” í˜ë¦¬ ì•ˆë”• ë¦¬ì•„ë”” @perand_r Â· @dinulfadli_ Mungkin in pengaruh dari kondisi lingkungan terutama keadaan bumi yg lgi parahÂ²nya pemanasan global sehuingga si bayi yg kelahiran 2001-2005 langsung terkena efek pemanasan Bumi itu sendiri ditambah polusi udara dan  pencemaran air  sungai jdi penyebabnya. Hanya konsprasi belaka 20 20 20,      r  in pengaruh kondisi lingkung bumi yg lgi parah nya panas global sehuingga si bayi yg lahir langsung kena efek panas bumi tambah polusi udara cemar air sungai jdi sebab konsprasi belaka,23-12-2024 21:19,https://x.com/perand_r/status/1871198881423520254
37,Mocha,"Mocha Mocha @Oryctess Â· @pergijauhkealam Pencemaran air  yg begitu parah atau karena adanya ikan sapu sapu ,yang jadi musuh ikan lokal karena makanin telur ikan yg menempel di fegetasi perairan ya ? 2 2 2 8 8 8 173 173 173 7.1K 7.1K 7.1K",mocha mocha  cemar air yg parah ikan sapu sapu musuh ikan lokal makanin telur ikan yg tempel fegetasi air ya k k k,23-12-2024 10:18,https://x.com/Oryctess/status/1871032653304250707
38,Sigit Sulistyo,"Sigit Sulistyo Sigit Sulistyo @SigitShul Â· @SigitShul Kerusakan Lingkungan pun tidak akan terlewati, Investasi di sektor industri atau pembangunan dapat merusak lingkungan, seperti  pencemaran air , udara, dan tanah. Aktivitas konstruksi besar-besaran dapat mengancam ekosistem alami di Sleman. 1 1 1 23 23 23",sigit sulistyo sigit sulistyo  rusa lingkung lewat investasi sektor industri bangun rusak lingkung cemar air udara tanah aktivitas konstruksi besarbesaran ancam ekosistem alami sleman,23-12-2024 08:22,https://x.com/SigitShul/status/1871003297949376920
44,Avatar.Kontemporer,"Avatar.Kontemporer Avatar.Kontemporer @goziafdoli1 Â· Ga heran kok.  Pencemaran air  tanah tu parah apalagi di daerah pinggiran kaya tempetku. Ya walopun bukan zat pencuci toilet sih, itu problem masy kota. Kalo tempetku ya e-coli karna Jarak toilet dan sumur gak dipikirin, BABS juga masih bnyak di pelosok sana Arbiarso Wijatmoko #BugarDaddy Arbiarso Wijatmoko #BugarDaddy @Arbiarso_W Â· Banyak yang belum tahu kalau air zaman sekarang tuh mengandung dihidrogen monoksida. Zat yang dipakai pada pencuci toilet. 2 2 2 259 259 259",avatarkontemporer avatarkontemporer  ga heran cemar air tanah tu parah daerah pinggir kaya tempetku ya walopun zat cuci toilet sih problem masy kota kalo tempetku ya ecoli karna jarak toilet sumur gak dipikirin babs bnyak pelosok arbiarso wijatmoko arbiarso wijatmoko w  air zaman tuh kandung hidrogen monoksida zat pakai cuci toilet,16-12-2024 10:38,https://x.com/goziafdoli1/status/1868500922135142500
46,Vangal,"Vangal Vangal @galsvanyas Â· @kenapaROY and and @master_rosh_ Efek Lingkungan
1. * Pencemaran  Tanah*: Sampah plastik tidak dapat diuraikan secara alami dan dapat mencemari tanah,  air  tanah, dan udara.
2. *Kerusakan Ekosistem*: Plastik dapat mengganggu habitat dan rantai makanan hewan
3. *Pengurangan Kesuburan Tanah 1 1 1 35 35 35",vangal vangal  and and rosh efek lingkung cemar tanah sampah plastik urai alami cari tanah air tanah udara rusa ekosistem plastik ganggu habitat rantai makan hewan kurang subur tanah,15-12-2024 11:16,https://x.com/galsvanyas/status/1868148211539652939
50,The_Nour,The_Nour The_Nour @nor_amira70068 Â· @TMPNews_ Ambil tindakan sewajarnya terhadap  pencemaran air  yang dilakukan 2 2 2,thenour thenour amira  ambil tindak wajar cemar air,12-12-2024 18:00,https://x.com/nor_amira70068/status/1867162521280639064
51,Bosman Batubara,"Bosman Batubara Bosman Batubara @AekMaguling Â· @ganjarpranowo tkasih pak. bagaimana dengan krisis sosial-ekologis pak, macam  pencemaran air  o logam berat y bisa jadi adalah salah satu penyebab IQ y rendah? di link berikut:  https:// 2 2 2 194 194 194",bosman batubara bosman batubara  tkasih krisis sosialekologis cemar air o logam berat y salah sebab iq y rendah link,12-12-2024 17:03,https://x.com/AekMaguling/status/1867148377072521510
52,UMNO Online,UMNO Online UMNO Online @umnoonline Â· Pencemaran Air  Tidak Berkesudahanâ€¦ Pindaan Tambah Baik Akta Amat Bertepatan Pencemaran Air Tidak Berkesudahanâ€¦ Pindaan Tambah Baik Akta Amat Bertepatan 1 1 1 2 2 2 230 230 230,umno online umno online  cemar air sudah pinda akta tepat cemar air sudah pinda akta tepat,12-12-2024 15:35,https://x.com/umnoonline/status/1867126153494086080
53,zie_zie,zie_zie zie_zie @Zizah_kerol Â· @TMPNews_ Kompaun syarikat ni dh buat  pencemaran air 8 8 8,ziezie ziezie rol  kompaun syarikat ni dh cemar air,12-12-2024 08:46,https://x.com/Zizah_kerol/status/1867023162720055523
54,BEM FH Unpad,"BEM FH Unpad BEM FH Unpad @BEMFHUNPAD Â· @BEMFHUNPAD pertanian,  pencemaran air , serta polusi udara yang berbahaya bagi kesehatan.

Oleh karena itu, Dengan menjaga dan melestarikan gunung, kita turut memastikan sumber daya alam yang berharga tetap dapat dinikmati oleh generasi mendatang. 

Selamat Hari Gunung Sedunia! 1 1 1 135 135 135",bem fh unpad bem fh unpad  tani cemar air polusi udara bahaya sehat jaga lestari gunung sumber daya alam harga nikmat generasi selamat gunung dunia,11-12-2024 17:26,https://x.com/BEMFHUNPAD/status/1866791616415207722
63,"IPAL BioSeven Septic tank, STP, WWTP, MBR + MBBR","IPAL BioSeven Septic tank, STP, WWTP, MBR + MBBR IPAL BioSeven Septic tank, STP, WWTP, MBR + MBBR @BioSevenOnline Â· Sudah 45 Hari  Pencemaran Air  di Tamansari Kota Tasikmalaya Berlarut -  http://  -  https:// #GoogleAlerts radartasik.id radartasik.id Sudah 45 Hari Pencemaran Air di Tamansari Kota Tasikmalaya Berlarut Sudah 45 Hari Pencemaran Air di Tamansari Kota Tasikmalaya Berlarut Pekan ini, sungai yang berada tepat di dekat kolam ikan dan sumur warga kembali menguning. Tidak hanya berubah warna, kali ini tampak serpihan-serpihan kecil berwarna putih dan mengkilap. Warga... Pekan ini, sungai yang berada tepat di dekat kolam ikan dan sumur warga kembali menguning. Tidak hanya berubah warna, kali ini tampak serpihan-serpihan kecil berwarna putih dan mengkilap. Warga... 10 10 10",ipal bioseven septic tank stp wwtp mbr mbbr ipal bioseven septic tank stp wwtp mbr mbbr  cemar air tamansari kota tasikmalaya larut radartasikid radartasikid cemar air tamansari kota tasikmalaya larut cemar air tamansari kota tasikmalaya larut pekan sungai kolam ikan sumur warga kuning ubah warna kali serpihanserpihan warna putih kilap warga pekan sungai kolam ikan sumur warga kuning ubah warna kali serpihanserpihan warna putih kilap warga,08-12-2024 09:58,https://x.com/BioSevenOnline/status/1865591710996398503
65,Malaysiakini (BM),Malaysiakini (BM) Malaysiakini (BM) @mkini_bm Â· Pencemaran Air : Selangor arah serbuan bersepadu ke atas kilang di Kuang Pencemaran air: Selangor arah serbuan bersepadu di Kuang 1 1 1 1 1 1 7 7 7 1.4K 1.4K 1.4K,malaysiakini bm malaysiakini bm bm  cemar air selangor arah serbu padu kilang kuang cemar air selangor arah serbu padu kuang k k k,06-12-2024 17:13,https://x.com/mkini_bm/status/1864976516888825885
66,BERNAMA RADIO,"BERNAMA RADIO BERNAMA RADIO @Bernama_Radio Â· Terdapat banyak faktor yang boleh membawa kepada keracunan makanan antaranya faktor kebersihan,  pencemaran air  dan makanan termasuk aspek penyediaan serta penyimpanan.
Ikuti  #TemuBualRadio  pukul 12.15 tengah hari nanti. 86 86 86",nama radio nama radio radio  faktor bawa racun makan faktor bersih cemar air makan aspek sedia simpan ikut,06-12-2024 09:16,https://x.com/Bernama_Radio/status/1864856505398550932
68,PT Aqua Jaya Sumber,"PT Aqua Jaya Sumber PT Aqua Jaya Sumber @AquaJayaSumber Â· Limbah cair kelapa sawit yang tidak dikelola dengan baik dapat menimbulkan berbagai dampak serius terhadap lingkungan. Salah satu dampaknya adalah  pencemaran air , di mana kandungan bahan organik dan senyawa kimia berbahaya dalam limbah dapat mencemari sungai dan sumber  air , Show more 35 35 35",pt aqua jaya sumber pt aqua jaya sumber  limbah cair kelapa sawit kelola timbul dampak serius lingkung salah dampak cemar air kandung bahan organik senyawa kimia bahaya limbah cari sungai sumber air show more,04-12-2024 12:23,https://x.com/AquaJayaSumber/status/1864178602943959096
70,Le charle,"Le charle Le charle @charlessiahaan Â· Samsun Ingatkan  Pencemaran Air  Sungai Akibat Eksploitasi Batu Bara Semakin Parah 1bangsa.id 1bangsa.id Samsun Ingatkan Pencemaran Air Sungai Akibat Eksploitasi Batu Bara Semakin Parah Samsun Ingatkan Pencemaran Air Sungai Akibat Eksploitasi Batu Bara Semakin Parah SAMARINDA - Anggota DPRD Kaltim dari Fraksi PDI Perjuangan, Muhammad Samsun, mengingatkan masalah pencemaran air sungai yang menurutnya sudah kian parah di wilayah Benua Etam.Salah satu penyebab... SAMARINDA - Anggota DPRD Kaltim dari Fraksi PDI Perjuangan, Muhammad Samsun, mengingatkan masalah pencemaran air sungai yang menurutnya sudah kian parah di wilayah Benua Etam.Salah satu penyebab... 21 21 21",le charle le charle  samsun ingat cemar air sungai akibat eksploitasi batu bara parah bangsaid bangsaid samsun ingat cemar air sungai akibat eksploitasi batu bara parah samsun ingat cemar air sungai akibat eksploitasi batu bara parah samarinda anggota dprd kaltim fraksi pdi juang muhammad samsun cemar air sungai turut kian parah wilayah benua etamsalah sebab samarinda anggota dprd kaltim fraksi pdi juang muhammad samsun cemar air sungai turut kian parah wilayah benua etamsalah sebab,04-12-2024 12:00,https://x.com/charlessiahaan/status/1864172894571646985
71,markeu,"markeu markeu @onyourcanadian Â· Perencanaan program, Uji normalitas, uji dependen & independen, metode pemberdayaan, farmakologi, sistem2 kesehatan apalah itu,  pencemaran air , pestisida, kehamilan,kelahiran,nifas, gizi bayi, indikator KIA, PONED & PONEK, EPM beberapa penyakit, proposal PKM, penelitian kuali,dll  https:// /H4KARE/status/1863802303305969962 â€¦ This post is unavailable. 1 1 1 63 63 63",markeu markeu  rencana program uji normalitas uji dependen independen metode daya farmakologi sistem sehat apa cemar air pestisida kehamilankelahirannifas gizi bayi indikator kia poned ponek epm sakit proposal pkm teliti kualidll hkarestatus  this post is unavailable,03-12-2024 23:13,https://x.com/onyourcanadian/status/1863980001865183328
75,"IPAL BioSeven Septic tank, STP, WWTP, MBR + MBBR","IPAL BioSeven Septic tank, STP, WWTP, MBR + MBBR IPAL BioSeven Septic tank, STP, WWTP, MBR + MBBR @BioSevenOnline Â· Soal  Pencemaran Air  di Tamansari, Pemkot Tasikmalaya Diduga Abai -  http://  -  https:// #GoogleAlerts Soal Pencemaran Air di Tamansari, Pemkot Tasikmalaya Diduga Abai 9 9 9",ipal bioseven septic tank stp wwtp mbr mbbr ipal bioseven septic tank stp wwtp mbr mbbr  cemar air tamansari pemkot tasikmalaya duga abai cemar air tamansari pemkot tasikmalaya duga abai,03-12-2024 15:56,https://x.com/BioSevenOnline/status/1863869806107357333
77,"IPAL BioSeven Septic tank, STP, WWTP, MBR + MBBR","IPAL BioSeven Septic tank, STP, WWTP, MBR + MBBR IPAL BioSeven Septic tank, STP, WWTP, MBR + MBBR @BioSevenOnline Â· Soal  Pencemaran Air  di Tamansari, Pemkot Tasikmalaya Diduga Abai -  http://  -  https:// #GoogleAlerts Soal Pencemaran Air di Tamansari, Pemkot Tasikmalaya Diduga Abai 10 10 10",ipal bioseven septic tank stp wwtp mbr mbbr ipal bioseven septic tank stp wwtp mbr mbbr  cemar air tamansari pemkot tasikmalaya duga abai cemar air tamansari pemkot tasikmalaya duga abai,03-12-2024 13:32,https://x.com/BioSevenOnline/status/1863833768043373034
78,DarmawanMutt,"DarmawanMutt DarmawanMutt @darmaaMutt Â· Rabu, 2 Oktober 2024
Darmawan Muttaqin, luhkan Kab. Rembang
Rapat tentang perizinan dan  pencemaran air  sugai #luhlapor #PKBLU_bp3tegal #GiatLuhkanSatmingkalTegal 13 13 13",darmawanmutt darmawanmutt  rabu oktober darmawan muttaqin luhkan kab rembang rapat izin cemar air sugai bptegal,30-11-2024 01:32,https://x.com/darmaaMutt/status/1862565295388598641
82,dislutkan kalteng,dislutkan kalteng dislutkan kalteng @DLutkanKalteng Â· Salah satu ancaman terbesar terhadap elangsungan hidup ikan adalah  pencemaran air . Apa aja penyebab  pencemaran air . Yuk kita simak videografis berikut ini. Semoga bermanfaat... #kaltengmakinberkah #kaltengberakhlak #dislutkankalteng #ppidkalteng #ppiddislutkankalteng #kkp 1:05 1:05 116 116 116,dislutkan kalteng dislutkan kalteng  salah ancam besar elangsungan hidup ikan cemar air aja sebab cemar air yuk simak videografis moga manfaat,28-11-2024 12:27,https://x.com/DLutkanKalteng/status/1862005271872368690
85,dislutkan kalteng,dislutkan kalteng dislutkan kalteng @DLutkanKalteng Â· Salah satu ancaman terbesar terhadap kelangsungan hidup ikan adalah  pencemaran air . Apa  aja penyebab  pencemaran air .  Yuk kita simak  infografis berikut ini. Semoga bermanfaat... #kaltengmakinberkah #kaltengberakhlak #dislutkankalteng #ppidkalteng #ppiddislutkankalteng #kkp 1 1 1 143 143 143,dislutkan kalteng dislutkan kalteng  salah ancam besar langsung hidup ikan cemar air aja sebab cemar air yuk simak infografis moga manfaat,28-11-2024 07:58,https://x.com/DLutkanKalteng/status/1861937604029186509
87,Asta Ebrahim,"Asta Ebrahim Asta Ebrahim @jellypastaa Â· @jellypastaa apasi eutrofikasi itu?

eutrofikasi adalah  pencemaran air  akibat meningkatnya nutrisi seperti nitrogen dan fosfor di perairan.

hal ini memicu pertumbuhan alga dan tanaman  air  berlebih, yang menurunkan kadar oksigen dalam  air . 1 1 1 7 7 7 125 125 125 7.7K 7.7K 7.7K",asta ebrahim asta ebrahim  apas eutrofikasi eutrofikasi cemar air akibat tingkat nutrisi nitrogen fosfor air picu tumbuh alga tanam air lebih turun kadar oksigen air k k k,25-11-2024 13:49,https://x.com/jellypastaa/status/1860938915026444798
90,aragiru.kt,"aragiru.kt aragiru.kt @aragiru_ Â· List kekurengan masyarakat indon yang baru disadari skrg2:
- Kelistrikan rumah gak pake proper grounding
- Pengolahan sampah gak proper
- Saluran sanitasi rumah ternyata gak proper juga penyebab  pencemaran air 1 1 1 3 3 3 72 72 72",aragirukt aragirukt  list reng masyarakat indon sadar skrg listrik rumah gak pake proper grounding olah sampah gak proper salur sanitasi rumah gak proper sebab cemar air,23-11-2024 11:23,https://x.com/aragiru_/status/1860177383808204805
94,Pemerintah Kota Bogor,"Pemerintah Kota Bogor Pemerintah Kota Bogor @PemkotaBogor Â· Program Kali Bersih, Inisiatif Pengendalian  Pencemaran Air  Sungai  https:// #pemkotbogor #welovebogor #bogohkabogor #bogorberlari Humas Jabar Humas Jabar 138 138 138",perintah kota bogor perintah kota bogor  program kali bersih inisiatif kendali cemar air sungai humas jabar humas jabar,22-11-2024 13:22,https://x.com/PemkotaBogor/status/1859845010616877229
95,Trend Asia,"Trend Asia Trend Asia @TrendAsia_Org Â· @TrendAsia_Org Contoh di Indonesia: Grup Bank Dunia terlibat dalam pembiayaan proyek PLTU â€˜captiveâ€™, proyek pembangkit batubara untuk kebutuhan industri, di Pulau Obi. Proyek ini mengancam lingkungan di Pulau Obiâ€”kerusakan ekosistem laut,  pencemaran  sumber daya  air , hingga polusi udara yang Show more Mongabay Indonesia Mongabay Indonesia 1 1 1 144 144 144",trend asia trend asia org  org contoh indonesia grup bank dunia libat biaya proyek pltu  captive  proyek bangkit batubara butuh industri pulau obi proyek ancam lingkung pulau obi rusa ekosistem laut cemar sumber daya air polusi udara show more mongabay indonesia mongabay indonesia,21-11-2024 20:10,https://x.com/TrendAsia_Org/status/1859585297039884349
96,RS Pengayoman Cipinang,"RS Pengayoman Cipinang RS Pengayoman Cipinang @RsuPengayoman_ Â· RSU Pengayoman Cipinang Ikuti Pembinaan Persetujuan Teknis Bidang Pengendalian  Pencemaran Air  dan Udara di Wilayah Kota Administrasi Jakarta Timur

Jakarta, 21 November 2022

-HumasRSUPC- #kemenkumhamri #kemenimipas #ditjenpas #kanwilkumhamdki #Pemasyarakatan 16 16 16",rs ayom cipinang rs ayom cipinang  rsu ayom cipinang ikut bina tuju teknis bidang kendali cemar air udara wilayah kota administrasi jakarta timur jakarta november humasrsupc,21-11-2024 10:53,https://x.com/RsuPengayoman_/status/1859445072477159914
97,Parti Amanah Negara,"Parti Amanah Negara Parti Amanah Negara @PartiAmanah Â· Kerajaan Negeri melalui Lembaga Urus  Air  Selangor(LUAS) dan Pengurusan  Air  Selangor telah mengguna pakai teknologi terkini dalam mengesan  pencemaran air  mentah melalui pemantauan dengan menggunakan River Monitoring Station(RMS).

Seterusnya.. SELANGOR GUNA TEKNOLOGI TERKINI,AI KESAN PENCEMARAN AIR SUNGAI â€“ IR. IZHAM | SelangorToday 1 1 1 6 6 6 309 309 309",parti amanah negara parti amanah negara  raja negeri lembaga urus air selangorluas urus air selangor guna pakai teknologi kini es cemar air mentah pantau river monitoring stationrms selangor teknologi kiai kesan cemar air sungai  ir izham selangortoday,20-11-2024 20:42,https://x.com/PartiAmanah/status/1859230895540236525
100,WALHI Jawa Barat,"WALHI Jawa Barat WALHI Jawa Barat @walhijabar Â· Penting melakukan uji laboratorium pada kandungan  air  yang tercemar, termasuk  air  yang ada pada kolam IPAL di pabrik daur ulang plastik. radartasik.id radartasik.id Soal Pencemaran Air di Tamansari, Walhi Jabar Beri Saran Begini Soal Pencemaran Air di Tamansari, Walhi Jabar Beri Saran Begini Direktur Eksekutif Wahana Lingkungan Hidup Indonesia (WALHI) Jawa Barat, Wahyudin Iwang menyoroti dugaan pencemaran yang terjadi pada sumber mata air warga di Kampung Sinargalih Kelurahan Tamansari... Direktur Eksekutif Wahana Lingkungan Hidup Indonesia (WALHI) Jawa Barat, Wahyudin Iwang menyoroti dugaan pencemaran yang terjadi pada sumber mata air warga di Kampung Sinargalih Kelurahan Tamansari... 1 1 1 55 55 55",walhi jawa barat walhi jawa barat  uji laboratorium kandung air cemar air kolam ipal pabrik daur ulang plastik radartasikid radartasikid cemar air tamansari walhi jabar saran cemar air tamansari walhi jabar saran direktur eksekutif wahana lingkung hidup indonesia walhi jawa barat wahyudin iwang sorot duga cemar sumber mata air warga kampung sinargalih lurah tamansari direktur eksekutif wahana lingkung hidup indonesia walhi jawa barat wahyudin iwang sorot duga cemar sumber mata air warga kampung sinargalih lurah tamansari,18-11-2024 15:31,https://x.com/walhijabar/status/1858427877374734822
105,Antara Bengkulu,"Antara Bengkulu Antara Bengkulu @ANTARABengkulu Â· Pemerintah Kabupaten (Pemkab) Rejang Lebong, Provinsi Bengkulu, berkomitmen melakukan pencegahan dan menanggulangi  pencemaran air  yang terjadi di wilayah itu. Pemkab Rejang Lebong komitmen lakukan pencegahan pencemaran air - ANTARA News Bengkulu 17 17 17",bengkulu bengkulu  perintah kabupaten pemkab rejang lebong provinsi bengkulu komitmen cegah tanggulang cemar air wilayah pemkab rejang lebong komitmen laku cegah cemar air news bengkulu,15-11-2024 05:24,https://x.com/ANTARABengkulu/status/1857187779320635578
108,Aliff Shanusi,"Aliff Shanusi Aliff Shanusi @aliffshanusi Â· Buih buih ini terhasil daripada sisa buangan kilang dan  pencemaran air  yang tinggi. Boleh pula buat basuh rambut.

Esok bangkit jadi joker dah satu gal. 5 5 5 1.4K 1.4K 1.4K",aliff shanusi aliff shanusi  buih buih hasil sisa buang kilang cemar air basuh rambut esok bangkit joker dah gal k k k,10-11-2024 08:20,https://x.com/aliffshanusi/status/1855420161077268907
111,PERUMDAM Tirta Kerta Raharja Kabupaten Tangerang,PERUMDAM Tirta Kerta Raharja Kabupaten Tangerang PERUMDAM Tirta Kerta Raharja Kabupaten Tangerang @perumdamtkr Â· Sobat kang ledeng berikut penjelasan tentang  Pencemaran air  yang perlu kita ketahui yaa... 1 1 1 1 1 1 1 1 1 303 303 303,perumdam tirta kerta raharja kabupaten tangerang perumdam tirta kerta raharja kabupaten tangerang  sobat kang ledeng jelas cemar air tahu yaa,08-11-2024 11:32,https://x.com/perumdamtkr/status/1854743728436793388
112,â™šP I P I Dâ™š,"â™šP I P I Dâ™š â™šP I P I Dâ™š @vthreeizm Â· 'Israel' menjatuhkan lebih dari 85.000 ton bom di Gaza

Lebih dari 85.000 ton bom Israel menghantam Gaza sejak 7 Oktober, melebihi jumlah yang dihasilkan pada Perang Dunia II. Kerusakan lingkungan, larangan penggunaan senjata, dan  pencemaran air  mengancam generasi. 1:15 1:15 1 1 1 10 10 10",p i p i d p i p i d  israel jatuh ton bom gaza ton bom israel hantam gaza oktober lebih hasil perang dunia ii rusa lingkung larang guna senjata cemar air ancam generasi,08-11-2024 08:19,https://x.com/vthreeizm/status/1854695200163348992
113,IT'S RIYUU,"IT'S RIYUU IT'S RIYUU @RyuSeraph Â· ekologi pangan, dasar promosi kesehatan, sama  pencemaran air  dan udara. lebih ke proses pengajarannya sih yang disukai.  https:// /txtatha/status/1854189857494741497 â€¦ This post is unavailable. 10 10 10",its riyuu its riyuu  ekologi pangan dasar promosi sehat cemar air udara proses ajar sih suka txtathastatus  this post is unavailable,07-11-2024 23:04,https://x.com/RyuSeraph/status/1854555582805757963
114,Imam Santoso,Imam Santoso Imam Santoso @LidahTeratur Â· @alisyarief Kabarnya tingkat  pencemaran air  di Jakarta naik gegara banyak pejabat sering cuci tangan. 1 1 1 120 120 120,imam santoso imam santoso  kabar tingkat cemar air jakarta gegara jabat cuci tangan,07-11-2024 12:41,https://x.com/LidahTeratur/status/1854398661041836038
115,KBR,"KBR KBR @beritaKBR Â· @beritaKBR Sedangkan subtema pembangunan berkelanjutan meliputi:

-Degradasi lingkungan dan bencana alam (banjir, tanah longsor, reboisasi hutan,  pencemaran  udara, tanah, dan udara, ketersediaan  air  bersih, industrialisasi, dan AMDAL)
-Konflik pertanahan, konflik pertambangan, alih fungsi Show more 101 101 101",kbr kbr  subtema bangun lanjut liput degradasi lingkung bencana alam banjir tanah longsor reboisasi hutan cemar udara tanah udara sedia air bersih industrialisasi amdal konflik tanah konflik tambang alih fungsi show more,06-11-2024 20:23,https://x.com/beritaKBR/status/1854152611748032818
117,ì²¼,"ì²¼ ì²¼ @areumdouceur Â· Gue jadi inget waktu praktikum matkul  Pencemaran Air ,  air  keran gedung RIK banyak E.Colinya.  Ivan S Jayawan, PhD Ivan S Jayawan, PhD @ivanjayawan Â· Pas bgt lg ngomongin E.coli, ada temen org lab yg lg uji kualitas air yg dipakai u/ es batu salah satu kopi yg terkenal, beliau kaget ngeliat total coliform nya kayak gini  81 81 81",   gue inget praktikum matkul cemar air air keran gedung rik ecolinya ivan s jayawan phd ivan s jayawan phd  pas bgt lg ngomongin ecoli temen org lab yg lg uji kualitas air yg pakai u es batu salah kopi yg kenal beliau kaget ngeliat total coliform nya kayak gin,06-11-2024 12:10,https://x.com/areumdouceur/status/1854028551667990992
118,BERNAMA,BERNAMA BERNAMA @bernamadotcom Â· Tahukah anda ubat-ubatan yang dibuang sesuka hati ke dalam tong sampah atau sinki boleh menyebabkan  pencemaran air  seterusnya dapat memberi kesan ke dalam makanan & minuman harian anda? #InfografikBernama #BernamaNews #BernamaTerangkan 2 2 2 7 7 7 6 6 6 3.1K 3.1K 3.1K,nama nama  tahu ubatubatan buang suka hati tong sampah sinki sebab cemar air kesan makan minum hari k k k,05-11-2024 19:00,https://x.com/bernamadotcom/status/1853769332385599744
126,nama suka-suka,"nama suka-suka nama suka-suka @cscsyaa Â· @ivanjayawan Wah terima kasih pak, baru sore tadi saya dan kawan-kawan berdiskusi mengenai kedalaman sumur dan  pencemaran air  tanah dari septictank, saya bingung menjelaskannya dan sekarang terbantu 1 1 1 105 105 105",nama sukasuka nama sukasuka  terima kasih sore kawankawan diskus dalam sumur cemar air tanah septictank bingung jelas bantu,31-10-2024 22:17,https://x.com/cscsyaa/status/1852006886805246389
129,MangaHypeOrg,"MangaHypeOrg MangaHypeOrg @ddhype_com Â· PJT 1 dan Inalum Bahas Kualitas dan Kuantitas  Air  Danau Toba: Saat ini, kualitas dan kualitas  air  Danau Toba tengah terancam oleh beban  pencemaran air , hingga peningkatan sampah domestik-pariwisata.  http:// 28 28 28",mangahypeorg mangahypeorg com  pjt inalum bahas kualitas kuantitas air danau toba kualitas kualitas air danau toba ancam beban cemar air tingkat sampah domestikpariwisata,30-10-2024 20:29,https://x.com/ddhype_com/status/1851617367085982070
132,Cince,"Cince Cince @menumpahkan Â· Parody account dulu iya pake aer keran, setelah kuliah apalagi dapet mata kuliah  pencemaran air  trus praktikum bikin laprak dabnya. Jadi selalu pake aer galon utk masak apapun itu.  https:// /convomf/status/1851202330475016657 â€¦ This post is unavailable. 63 63 63",cince cince  parody account iya pake aer keran kuliah dapet mata kuliah cemar air trus praktikum bikin laprak dab pake aer galon utk masak apa convomfstatus  this post is unavailable,29-10-2024 21:48,https://x.com/menumpahkan/status/1851274843888763358
137,syrup marjen,syrup marjen syrup marjen @cancheonboy Â· info joki makalah  pencemaran air  akibat besi deadline malam ini  #zonauang 5 5 5 3 3 3 79 79 79,syrup marjen syrup marjen  info joki makalah cemar air akibat besi deadline malam,25-10-2024 17:20,https://x.com/cancheonboy/status/1849757972106445148
144,Astro AWANI,"Astro AWANI Astro AWANI @501Awani Â· Pencemaran air  bawah tanah dan tanah  mencapai tahap kritikal, menimbulkan kebimbangan sama ada isu ini dapat ditangani tepat pada masanya. #AWANInews #AWANI745 astroawani.com astroawani.com Pembinaan semula Gaza mungkin ambil masa 80 tahun - PBB Pembinaan semula Gaza mungkin ambil masa 80 tahun - PBB Pencemaran air bawah tanah dan tanah mencapai tahap kritikal, menimbulkan kebimbangan sama ada isu ini dapat ditangani tepat pada masanya. Pencemaran air bawah tanah dan tanah mencapai tahap kritikal, menimbulkan kebimbangan sama ada isu ini dapat ditangani tepat pada masanya. 2 2 2 7 7 7 4.6K 4.6K 4.6K",astro awan astro awan  cemar air tanah tanah capai tahap kritikal timbul bimbang isu tangan masa astroawanicom astroawanicom bina gaza ambil pbb bina gaza ambil pbb cemar air tanah tanah capai tahap kritikal timbul bimbang isu tangan masa cemar air tanah tanah capai tahap kritikal timbul bimbang isu tangan masa k k k,19-10-2024 23:09,https://x.com/501Awani/status/1847671345821470764
145,Rintan å½¡â˜†,"Rintan å½¡â˜† Rintan å½¡â˜† @Rainanotfunny Â· Funny words ever used in a sentence

[Hina Ai] dan [bikinnya susah]  Pemborosan energi sm  pencemaran air  buat cooling mesin kali ya yg susah  Kriptogarki Kriptogarki @kriptogarki Â· Masalahnya lo hina2 ai bro, bikinnya susah lo hina semau lo. Gue ga ketawa, dalam hati gue nangis kasian sama lo x.com/bajrul/status/â€¦ 6 6 6 129 129 129",rintan  rintan   funny words ever used in a sentence hina ai bikin susah boros energi sm cemar air cooling mesin kali ya yg susah kriptogarki kriptogarki  lo hina ai bro bikin susah lo hina mau lo gue ga ketawa hati gue nang kasi lo xcombajrulstatus,19-10-2024 16:25,https://x.com/Rainanotfunny/status/1847569796944318501
147,MEDIA DIGITAL JOHOR,"MEDIA DIGITAL JOHOR MEDIA DIGITAL JOHOR @MediaDigitalJhr Â· #Belanjawan2025  I Manfaat untuk Johor
Ikhtiar 26: Perlindungan Khazanah Alam 

Kerajaan Persekutuan bersetuju menaik taraf loji rawatan kumbahan serantau sedia ada dan membina rangkaian paip pembentungan di Sungai Kim Kim, Johor untuk mengekang  pencemaran air . - PM Anwar Ibrahim 1 1 1 211 211 211",media digital johor media digital johor  i manfaat johor ikhtiar lindung khazanah alam raja sekutu tuju naik taraf loji rawat kumbah rantau sedia bina rangkai paip pembentungan sungai kim kim johor ekang cemar air pm anwar ibrahim,18-10-2024 17:14,https://x.com/MediaDigitalJhr/status/1847219770774687871
148,Amani,"Amani Amani @AmaniLalaland Â· @jokowi Ketahanan pangan sulit terwujud  Pak  @jokowi Lihat saja
Pengrusakan hutan untuk tambang berdampak negatif pada ketahanan pangan dan akibatnya  menyebabkan  degradasi tanah,  pencemaran air  juga rusaknya keanekaragaman hayati

Tugas pemerintah  sbg penanggungjawab  pengelolaan Show more 5 5 5 914 914 914",aman aman  tahan pangan sulit wujud lihat rusa hutan tambang dampak negatif tahan pangan akibat sebab degradasi tanah cemar air rusak keanekaragaman hayati tugas perintah sbg penanggungjawab kelola show more,17-10-2024 07:59,https://x.com/AmaniLalaland/status/1846717558462074920
152,Negara Mafia !,"Negara Mafia ! Negara Mafia ! @MgmPtmgm Â· @tempodotco Ekspor Pasir laut sangat merugikan Negara !,  pencemaran air  laut yang membuat nelayan tambah menderita, tergerusnya pinggir pantai dan hilangnya pulau-pulau kecil 2 2 2 6 6 6 294 294 294",negara mafia negara mafia  ekspor pasir laut rugi negara cemar air laut nelayan derita gerus pinggir pantai hilang pulaupulau,11-10-2024 18:22,https://x.com/MgmPtmgm/status/1844700029694701727
153,Diky Rizal,Diky Rizal Diky Rizal @diky_rizall Â· Sistem irigasi baru membantu mengurangi dampak  pencemaran air .  #10TahunJokowiMemimpin 7 7 7,diky rizal diky rizal rizall  sistem irigasi bantu kurang dampak cemar air,10-10-2024 16:33,https://x.com/diky_rizall/status/1844310219314372838
158,VOA Indonesia,"VOA Indonesia VOA Indonesia @voaindonesia Â· Gedung Putih membuat aturan penghapusan pipa timah itu sebagai bagian utama dari rencananya untuk mengatasi kesenjangan rasial dan masalah lingkungan, setelah terjadi krisis  pencemaran air  dalam beberapa tahun terakhir. voaindonesia.com voaindonesia.com Atasi Krisis Pencemaran Air, Biden Umumkan Aturan untuk Mengganti Semua Pipa Timah di AS Atasi Krisis Pencemaran Air, Biden Umumkan Aturan untuk Mengganti Semua Pipa Timah di AS Pemerintahan Presiden Joe Biden menyelesaikan peraturan penting pada Selasa (8/10), yang mengharuskan perusahaan air minum untuk mengganti hampir semua pipa timah di AS yang terpasang selama 10 tahun... Pemerintahan Presiden Joe Biden menyelesaikan peraturan penting pada Selasa (8/10), yang mengharuskan perusahaan air minum untuk mengganti hampir semua pipa timah di AS yang terpasang selama 10 tahun... 243 243 243",voa indonesia voa indonesia  gedung putih atur hapus pipa timah utama rencana atas senjang rasial lingkung krisis cemar air voaindonesiacom voaindonesiacom atas krisis cemar air biden umum atur ganti pipa timah as atas krisis cemar air biden umum atur ganti pipa timah as perintah presiden joe biden selesai atur selasa harus usaha air minum ganti pipa timah as pasang perintah presiden joe biden selesai atur selasa harus usaha air minum ganti pipa timah as pasang,09-10-2024 15:00,https://x.com/voaindonesia/status/1843924380172333328
167,IWâ’¶NT,"IWâ’¶NT IWâ’¶NT @IWANttobeafckby Â· @jellypastaa Dan teritip ini bertujuan baik untuk mengurangi  pencemaran  lingkungan, sperti timbal atau logam berat pada  air . Dan teritip bisa menjadi indikator sehatnya ekosistem, jika konsentrasi timbal pada teritip tinggi berarti  pencemaran air  diarea tersebut juga tinggi 9 9 9",iw nt iw nt  teritip tuju kurang cemar lingkung sperti timbal logam berat air teritip indikator sehat ekosistem konsentrasi timbal teritip cemar air area,05-10-2024 02:14,https://x.com/IWANttobeafckby/status/1842282067138342961
175,Doyan Makan,"Doyan Makan Doyan Makan @DoyanMakanBet Â· @DoyanMakanBet Mengapa hal ini penting Pencemaran air  sebagian besar disebabkan oleh limpasan dari pertanian, halaman kota, dan bahkan tangki septik. Saat hujan, kelebihan fosfor, nitrogen, dan bahan kimia lainnya mengalir ke danau dan sungai. 1 1 1 5 5 5 69 69 69",doyan makan doyan makan  cemar air sebab limpas tani halaman kota tangki septik hujan lebih fosfor nitrogen bahan kimia alir danau sungai,01-10-2024 08:21,https://x.com/DoyanMakanBet/status/1840925065300623490
177,ğğœğ¡ğšğš,"ğğœğ¡ğšğš ğğœğ¡ğšğš @9umincha Â· @lalavinly benar, kenapa kita harus mandi?? aku pun tidak ingin mandi, mandi membuat  pencemaran air  karna sabun dan mengurangi  air  bersih dibumi, kita juga tidak menjadi  cantik dengan mandi, lalu untuk apa kita mandi?? 15 15 15",   mandi mandi mandi cemar air karna sabun kurang air bersih bumi cantik mandi mandi,30-09-2024 18:58,https://x.com/9umincha/status/1840722815475130741
185,Forum Juara,"Forum Juara Forum Juara @forum_juara Â· @forum_juara Di Indonesia, krisis  air  bersih juga menjadi problematika tak kunjung selesai, terutama disebabkan oleh beberapa hal seperti buruknya pengelolaan SDA,  pencemaran air , eksploitasi  air  tanah (termasuk oleh industri  air  minum), deforestasi, alih fungsi lahan.  #forumjuara 1 1 1 8 8 8",forum juara forum juara juara  juara indonesia krisis air bersih problematika kunjung selesai sebab buruk kelola sda cemar air eksploitasi air tanah industri air minum deforestasi alih fungsi lahan,29-09-2024 09:51,https://x.com/forum_juara/status/1840222902823858548
186,Mbgel,"Mbgel Mbgel @MAbbygail Â· 28.9.2024  Pencemaran air  sungai disebabkan najis babi dari premis penternakan babi.  Air  sungai berwarna gelap dan berbau busuk. Sudah 3 hari, JKKP kampung itu telah turun ke DOE terdekat dan telah membuat aduan tetapi pejabat DOE tersebut claim di luar bidang kuasa. 159 159 159",mbgel mbgel  cemar air sungai sebab najis babi premis penternakan babi air sungai warna gelap bau busuk jkkp kampung turun doe dekat adu jabat doe claim bidang kuasa,28-09-2024 16:04,https://x.com/MAbbygail/status/1839954371100180895
187,SinarHarian,"SinarHarian SinarHarian @SinarOnline Â· Sampel  air  Sungai Gemencheh di hantar ke Jabatan Kimia

JPS akan melakukan proses pembersihan sungai  bagi mengelakkan perkara sama berulang #SinarHarian #pencemaran #sungai Sampel air Sungai Gemencheh di hantar ke Jabatan Kimia 2 2 2 739 739 739",sinarharian sinarharian  sampel air sungai gemencheh hantar jabat kimia jps proses bersih sungai elak perkara ulang sampel air sungai gemencheh hantar jabat kimia,28-09-2024 13:47,https://x.com/SinarOnline/status/1839919734613258337
188,shaf,shaf shaf @iniakunsaplay Â· @convomf Sumur apa nih? Sumur resapan apa sumur buat konsumsi?? Klo sumur buat  air  konsumsi egk aman nder minimal bgt mah 10m buat menghindari  pencemaran air  secara bakteriologis alias  air  dr septic tank egk mencemari sumur 1 1 1 115 115 115,shaf shaf  sumur nih sumur resap sumur konsumsi klo sumur air konsumsi egk aman nder minimal bgt mah m hindar cemar air bakteriolog alias air dr septic tank egk cari sumur,28-09-2024 01:46,https://x.com/iniakunsaplay/status/1839738365530517604
190,blue,"blue blue @Skyblue_andsea Â· @Skyblue_andsea @Maharanisaa_ and and @tanyarlfes Kalau bahas  pencemaran  lingkungan, potensi buat  pencemaran air  atau meluasnya bakteri itu lebih tinggi. Udah ada dokter yang bilang. Thats why ku bilang pinter2nya kita buat ngolah sampah sendiri. Karena balik lagi, pembalut itu gaboleh dicuci itu bukan tanpa alasan 1 1 1 23 23 23",blue blue andsea  andsea and and bahas cemar lingkung potensi cemar air luas bakteri udah dokter bilang thats why ku bilang pinternya ngolah sampah balut gaboleh cuci alas,27-09-2024 12:17,https://x.com/Skyblue_andsea/status/1839534778594255305
191,"matcha | joki tugas, proposal skripsi magang PKM","matcha | joki tugas, proposal skripsi magang PKM matcha | joki tugas, proposal skripsi magang PKM @matchacake__ Â· @matchacake__ topik yg relevan dgn jurusanku: 
- kualitas  air , kualitas perairan 
- budidaya perairan 
- mikroba, algae, plankton 
- mikroplastik 
-  pencemaran air  
- dll  

terkait topik lain dan masih berkaitan dgn perikanan bisa bgt kita diskusiin. so, don't worry to hit me up ya! 1 1 1 1.2K 1.2K 1.2K",matcha joki tugas proposal skripsi magang pkm matcha joki tugas proposal skripsi magang pkm  topik yg relevan dgn jurus kualitas air kualitas air budidaya air mikroba algae plankton mikroplastik cemar air dll kait topik kait dgn ikan bgt diskusiin so dont worry to hit me up ya k k k,27-09-2024 11:56,https://x.com/matchacake__/status/1839529406399721488
192,Utusan Malaysia,Utusan Malaysia Utusan Malaysia @UMonline Â· Pencemaran air : Pengarah syarikat antara lima dituduh  https:// /pencemaran-air-pengarah-syarikat-antara-lima-dituduh/?utm_source=dlvr.it&utm_medium=twitter&utm_campaign=umonline â€¦ #BERITA #Mahkamah #NASIONAL #top 2 2 2 349 349 349,utus malaysia utus malaysia  cemar air arah syarikat tuduh pencemaranairpengarahsyarikatantaralimadituduhutmsourcedlvritutmmediumtwitterutmcampaignumonline ,27-09-2024 05:33,https://x.com/UMonline/status/1839433154723242130
193,Alam Sekitar Selangor,Alam Sekitar Selangor Alam Sekitar Selangor @alamsekitar_sel Â· KENYATAAN BERKENAAN OPERASI BERSEPADU AGENSI KERAJAAN NEGERI SELANGOR KEKANG  PENCEMARAN AIR  BERBUIH DI SUNGAI KUANG Jamaliah Jamaluddin Jamaliah Jamaluddin 43 43 43,alam selangor alam selangor sel  nyata operasi padu agens raja negeri selangor kekang cemar air buih sungai kuang jamaliah jamaluddin jamaliah jamaluddin,26-09-2024 17:26,https://x.com/alamsekitar_sel/status/1839250293214830801
195,IMITS PAKA,"IMITS PAKA IMITS PAKA @DunPaka Â· Peruntukan Segera RM100,000 Atasi  Pencemaran Air  Takungan Pulau Redang Peruntukan Segera RM100,000 Atasi Pencemaran Air Takungan Pulau Redang 33 33 33",imits paka imits paka  untuk rm atas cemar air takung pulau redang untuk rm atas cemar air takung pulau redang,26-09-2024 08:21,https://x.com/DunPaka/status/1839112962654744675
204,blue,"blue blue @Skyblue_andsea Â· @luoyiiiiiiiiiii and and @tanyarlfes Di luar negeri tuh gaada istilah nyuci pembalut kak, makanya kemarin juga ada yg debat gini trus cerita dia nyuci pembalut di luar negeri ada yang ngetawain sama ada yang negur. Karena itu bakal jadi sarang bakteri dan jadi  pencemaran air . Tapi gatau kenapa kalo disini tuh bebal 1 1 1 13 13 13 1.3K 1.3K 1.3K",blue blue andsea  and and negeri tuh gaada istilah nyuci balut kak kemarin yg debat gin trus cerita nyuci balut negeri ngetawain negur sarang bakteri cemar air gatau kalo tuh bebal k k k,23-09-2024 06:17,https://x.com/Skyblue_andsea/status/1837994591951458506
205,bby,bby bby @luoyiiiiiiiiiii Â· @Skyblue_andsea and and @tanyarlfes BENER di jepang ga di saranin di cuci karn a bakal jd pencemaran air  1 1 1 4 4 4 1.4K 1.4K 1.4K,bby bby  andsea and and bener jepang ga saranin cuci karn a jd cemar air k k k,23-09-2024 05:59,https://x.com/luoyiiiiiiiiiii/status/1837990028557062636
209,ns,"ns ns @superduperzzzz9 Â· @AzharSamsu1267 and and @txtdrbekasi Jadi  pencemaran air  mereka , hidup ga guna mati ga gitu na 545 545 545",ns ns  and and cemar air hidup ga mati ga gitu na,22-09-2024 11:35,https://x.com/superduperzzzz9/status/1837712305179840727
212,TRIBUN GORONTALO,"TRIBUN GORONTALO TRIBUN GORONTALO @Tribun_Gto Â· Perubahan ekosistem, penggundulan hutan,  pencemaran air , hingga degradasi lahan kini menjadi ancaman serius bagi keberlanjutan hidup di kawasan ini.  http:// #TribunGorontalo SIEJ Gorontalo Ajak Jurnalis dan Persma Kolaborasi Liputan Kerusakan Lingkungan - Tribun Gorontalo 46 46 46",tribun gorontalo tribun gorontalo gto  ubah ekosistem gundul hutan cemar air degradasi lahan ancam serius lanjut hidup kawasan siej gorontalo ajak jurnalis persma kolaborasi liput rusa lingkung tribun gorontalo,21-09-2024 17:27,https://x.com/Tribun_Gto/status/1837438513224339961
213,Bali Women Crisis Centre (BWCC),Bali Women Crisis Centre (BWCC) Bali Women Crisis Centre (BWCC) @LBHBWCC Â· @LBHBWCC Termasuk mendiskusikan solusi-solusi efektif untuk menangani permasalahan sampah atau sumber-sumber  pencemaran air  atau sungai agar tidak terjadi secara berulang terutama saat musim hujan. #bwcc #advokasi #aksesairbersih 40 40 40,bal women crisis centre bwcc bal women crisis centre bwcc  diskusi solusisolusi efektif tangan masalah sampah sumbersumber cemar air sungai ulang musim hujan,21-09-2024 13:43,https://x.com/LBHBWCC/status/1837382084874457439
214,Bali Women Crisis Centre (BWCC),"Bali Women Crisis Centre (BWCC) Bali Women Crisis Centre (BWCC) @LBHBWCC Â· @LBHBWCC FGD melibatkan berbagai pihak, seperti  @LBHBWCC , perwakilan pemerintah desa di beberapa wilayah, pihak desa adat dan subak. Kegiatan ini disambut positif oleh para pemangku kepentingan untuk membedah masalah  pencemaran air  di desa masing-masing. 1 1 1 23 23 23",bal women crisis centre bwcc bal women crisis centre bwcc  fgd libat wakil perintah desa wilayah desa adat subak giat sambut positif mang penting bedah cemar air desa masingmasing,21-09-2024 13:43,https://x.com/LBHBWCC/status/1837382082856735102
219,dion,dion dion @stressbngst Â· @fitriiyanr Aduh  pencemaran air  loh 2 2 2,dion dion  aduh cemar air loh,20-09-2024 11:29,https://x.com/stressbngst/status/1836986114021937587
225,Harian Metro,"Harian Metro Harian Metro @hmetromy Â· #JohorBahru  Kejadian ratusan ikan timbul di permukaan  air  di Sungai Rinting, Masai di sini, tiada kaitan dengan isu  pencemaran  sungai yang pernah melanda di beberapa sungai di sekitar bandar raya ini. hmetro.com.my hmetro.com.my Pencemaran air akibat kebakaran kilang, ratusan ikan 'timbul' di Sungai Rinting | Harian Metro Pencemaran air akibat kebakaran kilang, ratusan ikan 'timbul' di Sungai Rinting | Harian Metro Johor Bahru: Kejadian ratusan ikan timbul di permukaan air di Sungai Rinting, Masai di sini, tiada kaitan dengan isu pencemaran sungai yang pernah melanda di beberapa sungai di sekitar bandar raya... Johor Bahru: Kejadian ratusan ikan timbul di permukaan air di Sungai Rinting, Masai di sini, tiada kaitan dengan isu pencemaran sungai yang pernah melanda di beberapa sungai di sekitar bandar raya... 3 3 3 1.6K 1.6K 1.6K",hari metro hari metro  jadi ratus ikan timbul muka air sungai rinting masai tiada kait isu cemar sungai landa sungai bandar raya hmetrocommy hmetrocommy cemar air akibat bakar kilang ratus ikan timbul sungai rinting hari metro cemar air akibat bakar kilang ratus ikan timbul sungai rinting hari metro johor bahru jadi ratus ikan timbul muka air sungai rinting masai tiada kait isu cemar sungai landa sungai bandar raya johor bahru jadi ratus ikan timbul muka air sungai rinting masai tiada kait isu cemar sungai landa sungai bandar raya k k k,16-09-2024 20:35,https://x.com/hmetromy/status/1835673767693185145
226,Hollywood Hogan,"Hollywood Hogan Hollywood Hogan @hulkamaniaxcz Â· Bule bau krn jarang mandi maklum negara mereka lebih sejuk dan ga selembab di sini

Pajjeet udh negara nya lebih lembab & panas dibanding indo tiap hari konsumsi makanan yg berbau tajam  pencemaran air  di negara nya jg parah banget makanya mrk permanen bau nya  1 1 1 173 173 173",hollywood hogan hollywood hogan  bule bau krn jarang mandi maklum negara sejuk ga selembab pajjeet udh negara nya lembab panas banding indo konsumsi makan yg bau tajam cemar air negara nya jg parah banget mrk permanen bau nya,14-09-2024 15:58,https://x.com/hulkamaniaxcz/status/1834879449189544379
227,BERNAMA TV,BERNAMA TV BERNAMA TV @BernamaTV Â· #BuletinBernama  : Mesyuarat Majlis  Air  Negara bersetuju terhadap keperluan penubuhan satu jawatankuasa kerja bagi meneliti ancaman  pencemaran air  di negara ini.  #digitalbernamatv #pencemaranair #anwaribrahim facebook.com facebook.com 12 reactions | Jawatankuasa kerja akan ditubuh teliti ancaman... 12 reactions | Jawatankuasa kerja akan ditubuh teliti ancaman... #BuletinBernama : Mesyuarat Majlis Air Negara bersetuju terhadap keperluan penubuhan satu jawatankuasa kerja bagi meneliti ancaman pencemaran air di... #BuletinBernama : Mesyuarat Majlis Air Negara bersetuju terhadap keperluan penubuhan satu jawatankuasa kerja bagi meneliti ancaman pencemaran air di... 1 1 1 315 315 315,nama tv nama tv  mesyuarat majlis air negara tuju perlu tubuh jawatankuasa kerja teliti ancam cemar air negara facebookcom facebookcom reactions jawatankuasa kerja tubuh teliti ancam reactions jawatankuasa kerja tubuh teliti ancam mesyuarat majlis air negara tuju perlu tubuh jawatankuasa kerja teliti ancam cemar air mesyuarat majlis air negara tuju perlu tubuh jawatankuasa kerja teliti ancam cemar air,14-09-2024 11:26,https://x.com/BernamaTV/status/1834810852081647852
228,Malaysia Gazette,Malaysia Gazette Malaysia Gazette @MalaysiaGazette Â· Jawatankuasa Teliti Ancaman  Pencemaran Air #MGFlash #malaysiagazette malaysiagazette.com malaysiagazette.com Jawatankuasa Teliti Ancaman Pencemaran Air #MGFlash Jawatankuasa Teliti Ancaman Pencemaran Air #MGFlash Mesyuarat Majlis Air Negara bersetuju terhadap keperluan menubuhkan satu jawatankuasa kerja bagi meneliti ancaman pencemaran air di Malaysia dengan membabitkan semua pemegang taruh untuk memastikan... Mesyuarat Majlis Air Negara bersetuju terhadap keperluan menubuhkan satu jawatankuasa kerja bagi meneliti ancaman pencemaran air di Malaysia dengan membabitkan semua pemegang taruh untuk memastikan... 295 295 295,malaysia gazette malaysia gazette  jawatankuasa teliti ancam cemar air malaysiagazettecom malaysiagazettecom jawatankuasa teliti ancam cemar air jawatankuasa teliti ancam cemar air mesyuarat majlis air negara tuju perlu tubuh jawatankuasa kerja teliti ancam cemar air malaysia babit pegang taruh mesyuarat majlis air negara tuju perlu tubuh jawatankuasa kerja teliti ancam cemar air malaysia babit pegang taruh,14-09-2024 09:34,https://x.com/MalaysiaGazette/status/1834782782058631635
229,Malaysia Gazette,"Malaysia Gazette Malaysia Gazette @MalaysiaGazette Â· Jawatankuasa Teliti Ancaman  Pencemaran Air #MGFlash  

Mesyuarat Majlis  Air  Negara bersetuju terhadap keperluan menubuhkan satu jawatankuasa kerja bagi meneliti ancaman  pencemaran air  di Malaysia dengan membabitkan semua pemegang taruh untuk memastikan masalah itu dapat ditangani Show more 371 371 371",malaysia gazette malaysia gazette  jawatankuasa teliti ancam cemar air mesyuarat majlis air negara tuju perlu tubuh jawatankuasa kerja teliti ancam cemar air malaysia babit pegang taruh tangan show more,14-09-2024 09:32,https://x.com/MalaysiaGazette/status/1834782313584218218
230,Getaran,Getaran Getaran @getaranmy Â· Jawatankuasa Kerja Akan Ditubuh Untuk Teliti Ancaman  Pencemaran Air  - PM  http:// #getaranmy 48 48 48,getar getar  jawatankuasa kerja tubuh teliti ancam cemar air pm,14-09-2024 07:15,https://x.com/getaranmy/status/1834747782080680408
231,BERNAMA RADIO,BERNAMA RADIO BERNAMA RADIO @Bernama_Radio Â· #ICYMI  Jawatankuasa kerja akan ditubuh untuk teliti ancaman  pencemaran air  - PM  @anwaribrahim https:// =2340286 â€¦ 122 122 122,nama radio nama radio radio  jawatankuasa kerja tubuh teliti ancam cemar air pm ,14-09-2024 06:14,https://x.com/Bernama_Radio/status/1834732464138600586
232,BERNAMA,BERNAMA BERNAMA @bernamadotcom Â· Jawatankuasa kerja akan ditubuh untuk teliti ancaman  pencemaran air  - PM  @anwaribrahim https:// =2340286 â€¦ #BernamaNews 4 4 4 1.7K 1.7K 1.7K,nama nama  jawatankuasa kerja tubuh teliti ancam cemar air pm  k k k,13-09-2024 22:40,https://x.com/bernamadotcom/status/1834618286748889309
233,Free Malaysia Today,Free Malaysia Today Free Malaysia Today @fmtoday Â· Kerajaan akan tubuh jawatankuasa kerja teliti ancaman  pencemaran air #FMTNews #FMTBerita https:// a/tempatan/2024/09/13/kerajaan-akan-tubuh-jawatankuasa-kerja-teliti-ancaman-pencemaran-air?utm_source=twitter&utm_medium=share-button â€¦ 1 1 1 1 1 1 828 828 828,free malaysia today free malaysia today  raja tubuh jawatankuasa kerja teliti ancam cemar air atempatankerajaanakantubuhjawatankuasakerjatelitiancamanpencemaranairutmsourcetwitterutmmediumsharebutton ,13-09-2024 22:31,https://x.com/fmtoday/status/1834615831189430381
234,Harian Metro,Harian Metro Harian Metro @hmetromy Â· #KualaLumpur  Mesyuarat Majlis  Air  Negara hari ini bersetuju terhadap keperluan menubuhkan satu jawatankuasa kerja bagi meneliti ancaman  pencemaran air  di Malaysia dengan membabitkan semua pemegang taruh untuk memastikan masalah itu dapat ditangani segera. Jawatankuasa kerja akan ditubuh untuk teliti ancaman pencemaran air - PM | Harian Metro 1.4K 1.4K 1.4K,hari metro hari metro  mesyuarat majlis air negara tuju perlu tubuh jawatankuasa kerja teliti ancam cemar air malaysia babit pegang taruh tangan jawatankuasa kerja tubuh teliti ancam cemar air pm hari metro k k k,13-09-2024 22:31,https://x.com/hmetromy/status/1834615802341032133
236,Solok Selatan INFO,"Solok Selatan INFO Solok Selatan INFO @InfoSOLSEL Â· Kapolres Solsel Serius Tangani Ilegal Mining, Amankan 38 Tersangka Kurun waktu 2022-2024

Serius. Terkait aktifitas Penambangan emas ilegal yang sering kali mengakibatkan kerusakan lingkungan yang parah, erosi tanah,  pencemaran air , dan lain lain,... fokussumatera.com fokussumatera.com Kapolres Solsel Serius Tangani Ilegal Mining, Amankan 38 Tersangka Kurun waktu 2022-2024 Kapolres Solsel Serius Tangani Ilegal Mining, Amankan 38 Tersangka Kurun waktu 2022-2024 Kapolres Solok Selatan AKBP Arief Mukti S.A.S S.H., S.I.K., M.Si, saat penangkapan alat berat tambang ilegas dan himbauan larangan aktifitas... Kapolres Solok Selatan AKBP Arief Mukti S.A.S S.H., S.I.K., M.Si, saat penangkapan alat berat tambang ilegas dan himbauan larangan aktifitas... 11 11 11",solok selatan info solok selatan info  kapolres solsel serius tangan ilegal mining aman sangka kurun serius kait aktifitas tambang emas ilegal kali akibat rusa lingkung parah erosi tanah cemar air fokussumateracom fokussumateracom kapolres solsel serius tangan ilegal mining aman sangka kurun kapolres solsel serius tangan ilegal mining aman sangka kurun kapolres solok selatan akbp arief mukti sas sh sik msi tangkap alat berat tambang ilegas himbauan larang aktifitas kapolres solok selatan akbp arief mukti sas sh sik msi tangkap alat berat tambang ilegas himbauan larang aktifitas,13-09-2024 19:21,https://x.com/InfoSOLSEL/status/1834567988860666256
237,Majoriti,"Majoriti Majoriti @majoritionline Â· Kenakan tindakan berat kepada mereka yang terlibat! majoriti.com.my majoriti.com.my Pencemaran air: kenakan denda lebih tinggi, penjara â€” Safe Johor River Pencemaran air: kenakan denda lebih tinggi, penjara â€” Safe Johor River ISU pencemaran sungai di Johor Bahru telah lama berlaku lamanya ISU pencemaran sungai di Johor Bahru telah lama berlaku lamanya 22 22 22",majoriti majoriti  kena tindak berat libat majoriticommy majoriticommy cemar air kena denda penjara  safe johor river cemar air kena denda penjara  safe johor river isu cemar sungai johor bahru laku isu cemar sungai johor bahru laku,13-09-2024 13:34,https://x.com/majoritionline/status/1834480673312358764
239,BPTH Wilayah III Yogyakarta,"BPTH Wilayah III Yogyakarta BPTH Wilayah III Yogyakarta @bpthwilayah3 Â· @bpthwilayah3 Hadir sebagai pemateri dalam acara gelar wicara tersebut antara lain Kapus Standardisasi Instrumen Kualitas LH, Direktur Pencegahan Dampak Lingkungan Usaha dan Kegiatan, Perwakilan dari Direktorat Pengendalian  Pencemaran Air , dan Kapus Fasilitasi Penerapan Standar Instrumen. 1 1 1 23 23 23",bpth wilayah iii yogyakarta bpth wilayah iii yogyakarta  hadir materi acara gelar wicara kapus standardisasi instrumen kualitas lh direktur cegah dampak lingkung usaha giat wakil direktorat kendali cemar air kapus fasilitas terap standar instrumen,12-09-2024 08:21,https://x.com/bpthwilayah3/status/1834039710442009059
244,Marina Ibrahim,"Marina Ibrahim Marina Ibrahim @Marina_Ibrahims Â· Aku pergi dari susur sungai dari Senai untuk tengok jika ada tanda-tanda  pencemaran air .

Jumpa anggota JAS, mereka pun masih pusing dibeberapa kawasan untuk kenalpasti punca sebenar. 7 7 7 23 23 23 163 163 163 11K 11K 11K",marina ibrahim marina ibrahim ibrahims  pergi susur sungai sena tengok tandatanda cemar air jumpa anggota jas pusing beberapa kawasan kenalpasti punca benar k k k,09-09-2024 11:13,https://x.com/Marina_Ibrahims/status/1832995833509502988
245,Penerbit BRIN,"Penerbit BRIN Penerbit BRIN @penerbit_BRIN Â· @penerbit_BRIN Ruang lingkup dan fokus JTL:
- Teknologi Lingkungan
- Ilmu Lingkungan Sanitasi
- Biologi Lingkungan
- Pengolahan  Air  Limbah Pengolahan Limbah Padat
- Desain dan Manajemen Lingkungan
- Pengendalian  Pencemaran  Lingkungan
- Penilaian Dampak Lingkungan
- Konservasi Lingkungan 1 1 1 48 48 48",terbit brin terbit brin brin  brin ruang lingkup fokus jtl teknologi lingkung ilmu lingkung sanitasi biologi lingkung olah air limbah olah limbah padat desain manajemen lingkung kendali cemar lingkung nilai dampak lingkung konservasi lingkung,09-09-2024 11:09,https://x.com/penerbit_BRIN/status/1832994703329145279
246,Wazir Nuri,Wazir Nuri Wazir Nuri @WazirNuri Â· Sosialisasi Pengendalian  Pencemaran Air 12 12 12,wazir nuri wazir nuri  sosialisasi kendali cemar air,09-09-2024 10:56,https://x.com/WazirNuri/status/1832991426961187116
